ID,Name,Spawn_1554,Spawn_1560,Spawn_1568,Spawn_1575,Spawn_1582,Spawn_1598
string,string,string,string,string,string,string,string
英雄ID,名称,落点_1554,落点_1560,落点_1568,落点_1575,落点_1582,落点_1598
lord_tk5_0,青山忠成,town_tk077,village_tk204,town_tk077,town_tk074,town_tk074,town_tk041
lord_tk5_1,赤池长任,town_tk166,town_tk166,town_tk166,town_tk166,,
lord_tk5_2,赤井直正,town_tk107,town_tk107,town_tk107,town_tk107,,
lord_tk5_3,安西又助,castle_tk261,castle_tk261,castle_tk261,castle_tk261,castle_tk261,castle_tk261
lord_tk5_4,赤尾清纲,town_tk094,town_tk094,town_tk094,,,
lord_tk5_5,明石全登,town_tk133,town_tk133,town_tk133,town_tk131,town_tk131,town_tk131
lord_tk5_6,赤穴盛清,town_tk121,town_tk121,town_tk138,town_tk138,town_tk138,
lord_tk5_7,赤松政秀,town_tk126,town_tk126,town_tk126,,,
lord_tk5_8,赤松义祐,town_tk126,town_tk126,town_tk126,town_tk126,,
lord_tk5_9,秋上久家,town_tk121,town_tk121,village_tk223,village_tk223,,
lord_tk5_10,安艺国虎,town_tk153,town_tk153,town_tk153,,,
lord_tk5_11,秋田实季,town_tk013,town_tk013,town_tk013,town_tk013,town_tk013,town_tk013
lord_tk5_12,秋山虎繁,town_tk069,town_tk069,town_tk069,town_tk087,,
lord_tk5_13,明智秀满,town_tk084,town_tk059,town_tk084,town_tk098,town_tk106,
lord_tk5_14,明智光秀,town_tk084,town_tk059,town_tk084,town_tk098,town_tk106,
lord_tk5_15,浅井井赖,town_tk094,town_tk094,town_tk094,village_tk209,village_tk209,town_tk144
lord_tk5_16,浅井长政,town_tk094,town_tk094,town_tk094,,,
lord_tk5_17,浅井久政,town_tk094,town_tk094,town_tk094,,,
lord_tk5_18,朝仓景镜,town_tk059,town_tk059,town_tk059,,,
lord_tk5_19,朝仓景健,town_tk059,town_tk059,town_tk059,,,
lord_tk5_20,朝仓景恒,town_tk059,town_tk059,town_tk059,,,
lord_tk5_21,朝仓景连,town_tk059,town_tk059,town_tk059,,,
lord_tk5_22,朝仓宗滴,town_tk059,,,,,
lord_tk5_23,朝仓义景,town_tk059,town_tk059,town_tk059,,,
lord_tk5_24,浅野长晟,town_tk080,town_tk080,town_tk084,town_tk084,town_tk127,town_tk069
lord_tk5_25,浅野长政,town_tk080,town_tk080,town_tk084,town_tk096,town_tk127,town_tk069
lord_tk5_26,浅野幸长,town_tk080,town_tk080,town_tk084,town_tk084,town_tk127,town_tk069
lord_tk5_27,朝比奈泰朝,town_tk076,town_tk076,town_tk076,,,
lord_tk5_28,浅利胜赖,town_tk013,town_tk013,town_tk013,town_tk013,town_tk013,
lord_tk5_29,足利义昭,village_tk212,town_tk105,town_tk105,village_tk226,village_tk226,
lord_tk5_30,足利义氏,village_tk193,village_tk193,village_tk193,village_tk193,village_tk193,
lord_tk5_31,足利义辉,town_tk098,town_tk105,,,,
lord_tk5_32,芦名盛氏,town_tk020,town_tk020,town_tk020,town_tk020,,
lord_tk5_33,芦名盛兴,town_tk020,town_tk020,town_tk020,town_tk020,,
lord_tk5_34,芦名盛重,town_tk024,town_tk024,town_tk024,town_tk024,town_tk020,town_tk024
lord_tk5_35,芦名盛隆,town_tk020,town_tk020,town_tk020,town_tk020,town_tk020,
lord_tk5_36,阿苏惟将,town_tk164,town_tk164,town_tk164,town_tk164,town_tk164,
lord_tk5_37,安宅信康,castle_tk266,castle_tk266,castle_tk266,castle_tk266,,
lord_tk5_38,安宅冬康,castle_tk266,castle_tk266,,,,
lord_tk5_39,迹部胜资,town_tk069,town_tk069,town_tk069,town_tk069,town_tk069,
lord_tk5_40,穴山小助,town_tk069,town_tk069,town_tk069,town_tk069,town_tk072,village_tk201
lord_tk5_41,穴山梅雪,town_tk069,town_tk069,town_tk069,town_tk069,town_tk072,
lord_tk5_42,姊小路赖纲,town_tk089,town_tk089,town_tk089,town_tk089,town_tk089,
lord_tk5_43,阿部正次,village_tk204,village_tk204,village_tk204,village_tk204,town_tk074,town_tk041
lord_tk5_44,尼子胜久,village_tk212,town_tk121,village_tk212,village_tk212,,
lord_tk5_45,尼子晴久,town_tk121,town_tk121,,,,
lord_tk5_46,尼子义久,town_tk121,town_tk121,village_tk227,village_tk227,village_tk227,village_tk227
lord_tk5_47,天野隆重,town_tk141,town_tk138,town_tk121,town_tk121,town_tk121,
lord_tk5_48,天野康景,town_tk072,town_tk077,town_tk077,town_tk077,town_tk074,town_tk041
lord_tk5_49,雨森弥兵卫,town_tk094,town_tk094,town_tk094,,,
lord_tk5_50,鲇贝宗重,town_tk019,town_tk019,town_tk019,town_tk019,town_tk019,town_tk010
lord_tk5_51,荒木氏纲,town_tk107,town_tk107,town_tk107,town_tk107,,
lord_tk5_52,荒木村重,town_tk115,town_tk115,town_tk115,town_tk115,village_tk215,
lord_tk5_53,有马晴信,town_tk160,town_tk163,town_tk163,town_tk163,town_tk163,town_tk163
lord_tk5_54,安国寺惠琼,village_tk227,village_tk227,village_tk227,village_tk227,village_tk227,town_tk146
lord_tk5_55,安东高季,town_tk013,town_tk013,town_tk013,town_tk013,town_tk013,
lord_tk5_56,安东爱季,town_tk013,town_tk013,town_tk013,town_tk013,town_tk013,
lord_tk5_57,安藤直次,town_tk072,town_tk077,town_tk077,town_tk074,town_tk074,town_tk041
lord_tk5_58,安藤守就,town_tk086,town_tk086,town_tk086,town_tk086,village_tk206,
lord_tk5_59,安藤良整,town_tk046,town_tk046,town_tk046,town_tk046,town_tk046,
lord_tk5_60,饭尾连龙,town_tk074,town_tk074,,,,
lord_tk5_61,饭田觉兵卫,village_tk205,village_tk205,village_tk205,village_tk205,village_tk205,town_tk165
lord_tk5_62,井伊直政,town_tk072,town_tk077,town_tk077,town_tk074,town_tk074,town_tk035
lord_tk5_63,伊贺崎道顺,castle_tk251,castle_tk251,castle_tk251,castle_tk251,castle_tk251,castle_tk251
lord_tk5_64,伊木忠次,town_tk077,village_tk205,village_tk205,village_tk205,village_tk205,town_tk079
lord_tk5_65,池田惣左卫门,village_tk185,village_tk185,village_tk185,village_tk185,village_tk185,village_tk185
lord_tk5_66,池田恒兴,town_tk080,town_tk080,town_tk084,town_tk084,town_tk115,
lord_tk5_67,池田辉政,town_tk080,town_tk080,town_tk084,town_tk084,town_tk115,town_tk079
lord_tk5_68,池田元助,town_tk080,town_tk080,town_tk084,town_tk084,town_tk115,
lord_tk5_69,池赖和,castle_tk270,castle_tk270,castle_tk270,castle_tk270,castle_tk270,
lord_tk5_70,生驹亲正,town_tk080,town_tk080,town_tk084,town_tk084,town_tk097,town_tk144
lord_tk5_71,石川昭光,town_tk019,town_tk019,town_tk019,town_tk019,town_tk019,town_tk010
lord_tk5_72,石川数正,town_tk072,town_tk077,town_tk077,town_tk074,town_tk074,
lord_tk5_73,石川五右卫门,castle_tk251,castle_tk251,castle_tk251,castle_tk251,castle_tk251,
lord_tk5_74,石川高信,town_tk003,town_tk003,town_tk003,town_tk003,,
lord_tk5_75,石田三成,village_tk209,village_tk209,village_tk209,town_tk096,town_tk127,town_tk095
lord_tk5_76,石母田景赖,town_tk019,town_tk019,town_tk019,town_tk019,town_tk019,town_tk010
lord_tk5_77,伊集院忠仓,town_tk178,town_tk178,,,,
lord_tk5_78,伊集院忠栋,town_tk178,town_tk178,town_tk178,town_tk178,town_tk178,town_tk178
lord_tk5_79,以心崇传,village_tk212,village_tk212,village_tk212,village_tk212,village_tk212,town_tk041
lord_tk5_80,矶野员昌,town_tk095,town_tk095,town_tk095,town_tk084,,
lord_tk5_81,板仓胜重,town_tk072,town_tk077,town_tk077,town_tk074,town_tk074,town_tk041
lord_tk5_82,板部冈江雪斋,town_tk046,town_tk046,town_tk046,town_tk046,town_tk046,town_tk041
lord_tk5_83,伊丹康直,castle_tk263,castle_tk263,castle_tk263,castle_tk263,castle_tk263,
lord_tk5_84,市川经好,town_tk138,town_tk138,town_tk138,town_tk138,town_tk138,
lord_tk5_85,一栗放牛,town_tk007,town_tk007,town_tk007,town_tk007,town_tk007,
lord_tk5_86,一条兼定,town_tk154,town_tk154,town_tk154,village_tk238,village_tk238,
lord_tk5_87,一条信龙,town_tk069,town_tk069,town_tk069,town_tk069,town_tk069,
lord_tk5_88,伊地知重兴,town_tk176,town_tk176,town_tk176,town_tk178,,
lord_tk5_89,伊地知重秀,town_tk178,town_tk178,town_tk178,town_tk178,town_tk178,
lord_tk5_90,一万田鉴实,town_tk170,town_tk170,town_tk170,town_tk170,town_tk170,
lord_tk5_91,一色义清,town_tk109,town_tk109,town_tk109,town_tk109,,
lord_tk5_92,一色义定,town_tk109,town_tk109,town_tk109,town_tk109,,
lord_tk5_93,一色义道,town_tk109,town_tk109,town_tk109,town_tk109,,
lord_tk5_94,出浦盛清,castle_tk249,castle_tk249,castle_tk249,castle_tk249,castle_tk249,castle_tk249
lord_tk5_95,伊藤一刀斋,village_tk197,village_tk191,village_tk191,village_tk191,village_tk191,village_tk191
lord_tk5_96,伊东祐兵,town_tk173,town_tk173,town_tk173,town_tk173,village_tk230,town_tk174
lord_tk5_97,伊藤惣十郎,village_tk205,village_tk205,village_tk205,village_tk205,village_tk205,
lord_tk5_98,伊东义祐,town_tk173,town_tk173,town_tk173,town_tk173,village_tk230,
lord_tk5_99,伊奈忠次,village_tk204,village_tk204,village_tk204,town_tk077,town_tk074,town_tk041
lord_tk5_100,稻富一梦,town_tk109,town_tk109,town_tk109,town_tk109,town_tk109,town_tk109
lord_tk5_101,稻叶一铁,town_tk088,town_tk088,town_tk088,town_tk088,town_tk088,
lord_tk5_102,稻叶贞通,town_tk088,town_tk088,town_tk088,town_tk088,town_tk088,town_tk088
lord_tk5_103,稻叶正成,town_tk088,village_tk206,village_tk206,town_tk088,village_tk206,town_tk156
lord_tk5_104,猪苗代盛国,town_tk020,town_tk020,town_tk020,town_tk020,town_tk020,
lord_tk5_105,猪子兵介,town_tk084,town_tk080,town_tk084,town_tk084,town_tk097,
lord_tk5_106,猪俣邦宪,town_tk046,town_tk046,town_tk034,town_tk034,town_tk034,
lord_tk5_107,今井宗久,village_tk215,village_tk215,village_tk215,village_tk215,village_tk215,
lord_tk5_108,今井宗薰,village_tk215,village_tk215,village_tk215,village_tk215,village_tk215,village_tk215
lord_tk5_109,今川氏真,town_tk072,town_tk072,town_tk074,village_tk193,village_tk193,town_tk041
lord_tk5_110,今川义元,town_tk072,town_tk072,,,,
lord_tk5_111,宇野藤右卫门,village_tk193,village_tk193,village_tk193,village_tk193,village_tk193,
lord_tk5_112,色部胜长,town_tk049,town_tk049,town_tk049,,,
lord_tk5_113,色部长实,town_tk049,town_tk049,town_tk049,town_tk049,town_tk049,
lord_tk5_114,岩成友通,town_tk111,town_tk111,town_tk149,,,
lord_tk5_115,犬童赖安,town_tk166,town_tk166,town_tk166,town_tk166,town_tk166,town_tk166
lord_tk5_116,上杉景胜,town_tk049,town_tk049,town_tk049,town_tk049,town_tk049,town_tk020
lord_tk5_117,上杉景虎,town_tk046,town_tk046,town_tk046,town_tk049,,
lord_tk5_118,上杉景信,town_tk049,town_tk049,town_tk049,town_tk049,,
lord_tk5_119,上杉谦信,town_tk049,town_tk049,town_tk049,town_tk049,,
lord_tk5_120,神屋宗湛,village_tk233,village_tk233,village_tk233,village_tk233,village_tk233,village_tk233
lord_tk5_121,坂田源右卫门,village_tk201,village_tk201,village_tk201,village_tk201,,
lord_tk5_122,鹈饲孙六,castle_tk253,castle_tk253,castle_tk253,castle_tk253,castle_tk253,
lord_tk5_123,宇喜多忠家,town_tk133,town_tk133,town_tk133,town_tk131,town_tk131,town_tk131
lord_tk5_124,宇喜多直家,town_tk133,town_tk133,town_tk133,town_tk131,,
lord_tk5_125,宇喜多秀家,town_tk133,town_tk133,town_tk133,town_tk131,town_tk131,town_tk131
lord_tk5_126,宇久纯定,castle_tk272,castle_tk272,castle_tk272,castle_tk272,,
lord_tk5_127,宇久纯玄,castle_tk272,castle_tk272,castle_tk272,castle_tk272,castle_tk272,
lord_tk5_128,宇佐美定满,town_tk049,town_tk049,,,,
lord_tk5_129,氏家卜全,town_tk084,town_tk088,town_tk088,,,
lord_tk5_130,氏家光氏,town_tk016,town_tk016,town_tk016,town_tk016,town_tk016,town_tk016
lord_tk5_131,氏家守栋,town_tk016,town_tk016,town_tk016,town_tk016,town_tk016,
lord_tk5_132,氏家行广,town_tk084,town_tk088,town_tk088,town_tk088,town_tk088,town_tk091
lord_tk5_133,牛尾幸清,town_tk121,town_tk121,town_tk138,town_tk138,town_tk138,
lord_tk5_134,臼杵鉴速,town_tk170,town_tk170,town_tk170,,,
lord_tk5_135,宇都宫国纲,town_tk028,town_tk028,town_tk028,town_tk028,town_tk028,village_tk224
lord_tk5_136,宇都宫广纲,town_tk028,town_tk028,town_tk028,town_tk028,,
lord_tk5_137,鹈殿氏长,town_tk072,town_tk078,town_tk075,town_tk074,town_tk075,town_tk041
lord_tk5_138,鹈殿长照,town_tk072,town_tk078,,,,
lord_tk5_139,宇山久兼,town_tk121,town_tk121,,,,
lord_tk5_140,浦上宗景,town_tk133,town_tk133,town_tk133,town_tk133,,
lord_tk5_141,上井觉兼,town_tk178,town_tk178,town_tk178,town_tk178,town_tk178,
lord_tk5_142,海野六郎,village_tk199,village_tk199,village_tk199,village_tk199,village_tk199,village_tk199
lord_tk5_143,颖娃久虎,town_tk178,town_tk178,town_tk178,town_tk178,town_tk178,
lord_tk5_144,江村亲家,town_tk152,town_tk152,town_tk152,town_tk152,town_tk152,
lord_tk5_145,江里口信常,town_tk160,town_tk160,town_tk160,town_tk160,town_tk160,
lord_tk5_146,圆城寺信胤,town_tk160,town_tk160,town_tk160,town_tk160,town_tk160,
lord_tk5_147,远藤直经,town_tk094,town_tk094,town_tk094,,,
lord_tk5_148,远藤基信,town_tk019,town_tk019,town_tk019,town_tk019,town_tk019,
lord_tk5_149,大石智久,town_tk155,town_tk155,town_tk155,town_tk155,town_tk155,town_tk155
lord_tk5_150,大内定纲,town_tk020,town_tk020,town_tk020,town_tk020,town_tk020,town_tk010
lord_tk5_151,大内辉弘,town_tk170,town_tk170,town_tk170,,,
lord_tk5_152,大内义长,town_tk141,,,,,
lord_tk5_153,大久保忠佐,town_tk072,town_tk077,town_tk077,town_tk074,town_tk074,town_tk041
lord_tk5_154,大久保忠教,town_tk072,village_tk204,town_tk077,town_tk074,town_tk074,town_tk046
lord_tk5_155,大久保忠邻,town_tk072,town_tk077,town_tk077,town_tk074,town_tk074,town_tk046
lord_tk5_156,大久保忠世,town_tk072,town_tk077,town_tk077,town_tk074,town_tk074,
lord_tk5_157,大久保长安,village_tk201,village_tk201,village_tk201,village_tk201,village_tk201,town_tk041
lord_tk5_158,大熊朝秀,town_tk049,town_tk069,town_tk069,town_tk069,town_tk069,
lord_tk5_159,大崎义隆,town_tk009,town_tk009,town_tk009,town_tk009,town_tk009,town_tk020
lord_tk5_160,大崎义直,town_tk009,town_tk009,town_tk009,town_tk009,,
lord_tk5_161,大须贺康高,town_tk072,town_tk077,town_tk077,town_tk074,town_tk074,
lord_tk5_162,太田氏资,town_tk042,town_tk042,,,,
lord_tk5_163,太田牛一,town_tk080,town_tk080,town_tk084,town_tk084,town_tk097,town_tk113
lord_tk5_164,太田三乐斋,town_tk042,town_tk042,town_tk027,town_tk024,town_tk024,
lord_tk5_165,大谷吉继,village_tk210,village_tk210,village_tk210,village_tk210,town_tk127,town_tk061
lord_tk5_166,大月景秀,village_tk198,village_tk198,village_tk198,,,
lord_tk5_167,大友宗麟,town_tk170,town_tk170,town_tk170,town_tk170,town_tk170,
lord_tk5_168,大友亲家,town_tk170,town_tk170,town_tk170,town_tk170,town_tk170,town_tk158
lord_tk5_169,大友亲盛,town_tk170,town_tk170,town_tk170,town_tk170,town_tk170,village_tk237
lord_tk5_170,大友义统,town_tk170,town_tk170,town_tk170,town_tk170,town_tk170,village_tk238
lord_tk5_171,大野治长,town_tk080,town_tk080,town_tk084,town_tk084,town_tk127,town_tk113
lord_tk5_172,大村纯忠,town_tk161,town_tk161,town_tk161,town_tk161,town_tk161,
lord_tk5_173,小笠原长时,town_tk049,town_tk111,town_tk049,town_tk049,town_tk049,
lord_tk5_174,小笠原少斋,town_tk098,village_tk212,town_tk105,town_tk084,town_tk109,town_tk109
lord_tk5_175,冈家利,town_tk133,town_tk133,town_tk133,town_tk131,town_tk131,
lord_tk5_176,冈部贞纲,castle_tk263,castle_tk263,castle_tk263,castle_tk263,,
lord_tk5_177,冈部正纲,town_tk072,town_tk072,town_tk074,town_tk069,town_tk069,
lord_tk5_178,冈部元信,town_tk072,town_tk072,town_tk074,town_tk069,,
lord_tk5_179,冈本随缘斋,castle_tk261,castle_tk261,castle_tk261,castle_tk261,castle_tk261,
lord_tk5_180,冈本禅哲,town_tk024,town_tk024,town_tk024,town_tk024,town_tk024,
lord_tk5_181,冈本赖氏,town_tk166,town_tk166,town_tk166,town_tk166,town_tk166,town_tk166
lord_tk5_182,冈吉正,town_tk116,town_tk116,town_tk116,town_tk116,town_tk116,
lord_tk5_183,奥平信昌,town_tk072,town_tk077,town_tk078,town_tk078,town_tk078,town_tk041
lord_tk5_184,奥村永福,town_tk080,town_tk080,town_tk084,town_tk084,town_tk055,town_tk056
lord_tk5_185,长船贞亲,town_tk133,town_tk133,town_tk133,town_tk131,town_tk131,
lord_tk5_186,长船纲直,town_tk133,town_tk133,town_tk133,town_tk131,town_tk131,town_tk131
lord_tk5_187,小濑甫庵,village_tk206,village_tk206,village_tk206,village_tk206,village_tk206,town_tk074
lord_tk5_188,小田氏治,town_tk026,town_tk026,town_tk026,town_tk046,town_tk046,town_tk040
lord_tk5_189,织田有乐,town_tk080,town_tk080,town_tk084,town_tk084,town_tk097,town_tk101
lord_tk5_190,织田信胜,town_tk083,,,,,
lord_tk5_191,织田信雄,town_tk080,town_tk080,town_tk084,town_tk091,town_tk090,town_tk059
lord_tk5_192,织田信包,town_tk080,town_tk080,town_tk084,town_tk084,town_tk097,town_tk107
lord_tk5_193,织田信孝,town_tk080,town_tk080,town_tk084,town_tk090,town_tk097,
lord_tk5_194,织田信忠,town_tk080,town_tk080,town_tk084,town_tk084,town_tk084,
lord_tk5_195,织田信长,town_tk080,town_tk080,town_tk084,town_tk084,town_tk097,
lord_tk5_196,织田秀信,town_tk080,town_tk080,town_tk084,town_tk084,town_tk084,town_tk084
lord_tk5_197,小寺政职,town_tk127,town_tk127,town_tk127,town_tk127,,
lord_tk5_198,小岛弥太郎,town_tk049,town_tk049,town_tk049,town_tk049,town_tk049,
lord_tk5_199,鬼庭左月,town_tk019,town_tk019,town_tk019,town_tk019,town_tk019,
lord_tk5_200,鬼庭纲元,town_tk019,town_tk019,town_tk019,town_tk019,town_tk019,town_tk010
lord_tk5_201,小野镇幸,town_tk170,town_tk170,town_tk170,town_tk170,town_tk156,town_tk158
lord_tk5_202,小野善鬼,village_tk191,village_tk191,village_tk191,village_tk191,village_tk191,
lord_tk5_203,小野忠明,village_tk190,village_tk190,village_tk190,village_tk190,village_tk190,town_tk041
lord_tk5_204,小野寺辉道,town_tk015,town_tk015,town_tk015,town_tk015,town_tk015,
lord_tk5_205,小野寺义道,town_tk015,town_tk015,town_tk015,town_tk015,town_tk015,town_tk015
lord_tk5_206,小幡勘兵卫,town_tk069,town_tk069,town_tk069,town_tk069,town_tk069,town_tk041
lord_tk5_207,小滨景隆,castle_tk263,castle_tk263,castle_tk263,castle_tk263,castle_tk263,castle_tk263
lord_tk5_208,饭富虎昌,town_tk069,town_tk069,,,,
lord_tk5_209,小山田信茂,town_tk069,town_tk069,town_tk069,town_tk069,town_tk070,
lord_tk5_210,甲斐宗运,town_tk164,town_tk164,town_tk164,town_tk164,town_tk164,
lord_tk5_211,海北纲亲,town_tk094,town_tk094,town_tk094,,,
lord_tk5_212,香川亲和,town_tk152,town_tk152,town_tk152,town_tk152,town_tk152,
lord_tk5_213,香川元景,town_tk144,town_tk144,town_tk144,town_tk144,,
lord_tk5_214,柿崎景家,town_tk049,town_tk049,town_tk049,town_tk049,,
lord_tk5_215,蛎崎季广,town_tk000,town_tk000,town_tk000,town_tk000,town_tk000,
lord_tk5_216,蛎崎庆广,town_tk000,town_tk000,town_tk000,town_tk000,town_tk000,town_tk000
lord_tk5_217,垣屋光成,town_tk118,town_tk118,town_tk118,town_tk118,town_tk127,
lord_tk5_218,笕十藏,village_tk200,village_tk200,village_tk200,village_tk200,village_tk200,village_tk200
lord_tk5_219,葛西晴信,town_tk008,town_tk008,town_tk008,town_tk008,town_tk008,
lord_tk5_220,笠原政尧,town_tk046,town_tk046,town_tk046,town_tk046,town_tk046,
lord_tk5_221,梶原景宗,castle_tk262,castle_tk262,castle_tk262,castle_tk262,castle_tk262,village_tk217
lord_tk5_222,果心居士,village_tk211,village_tk211,village_tk211,village_tk211,village_tk211,village_tk207
lord_tk5_223,糟谷武则,village_tk222,village_tk222,village_tk222,village_tk222,town_tk127,town_tk128
lord_tk5_224,片桐且元,town_tk080,town_tk080,town_tk084,town_tk084,town_tk127,town_tk113
lord_tk5_225,片仓景纲,town_tk019,town_tk019,town_tk019,town_tk019,town_tk019,town_tk010
lord_tk5_226,佐甲藤太郎,village_tk228,village_tk228,village_tk228,village_tk228,village_tk228,village_tk228
lord_tk5_227,坚田元庆,town_tk138,town_tk138,town_tk138,town_tk138,town_tk138,town_tk136
lord_tk5_228,桂元澄,town_tk138,town_tk138,town_tk138,,,
lord_tk5_229,葛山氏元,town_tk072,town_tk072,,,,
lord_tk5_230,加藤清正,village_tk205,town_tk080,town_tk084,town_tk096,town_tk127,town_tk165
lord_tk5_231,加藤段藏,castle_tk252,castle_tk252,castle_tk250,,,
lord_tk5_232,加藤光泰,town_tk084,town_tk084,town_tk084,town_tk084,town_tk127,
lord_tk5_233,加藤嘉明,town_tk080,town_tk080,town_tk084,town_tk096,town_tk127,town_tk145
lord_tk5_234,金上盛备,town_tk020,town_tk020,town_tk020,town_tk020,town_tk020,
lord_tk5_235,金森长近,village_tk206,village_tk206,village_tk206,town_tk084,town_tk097,town_tk089
lord_tk5_236,可儿才藏,town_tk080,town_tk084,town_tk084,town_tk084,town_tk097,town_tk080
lord_tk5_237,钟卷自斋,village_tk197,village_tk197,village_tk197,village_tk197,village_tk197,village_tk197
lord_tk5_238,蒲池鉴盛,town_tk158,town_tk158,town_tk158,town_tk158,,
lord_tk5_239,龟井兹矩,village_tk220,town_tk121,village_tk220,village_tk220,village_tk220,town_tk120
lord_tk5_240,蒲生氏乡,town_tk099,town_tk099,town_tk099,town_tk099,town_tk099,
lord_tk5_241,蒲生贤秀,town_tk099,town_tk099,town_tk099,town_tk099,town_tk099,
lord_tk5_242,蒲生定秀,town_tk099,town_tk099,town_tk099,town_tk099,,
lord_tk5_243,蒲生赖乡,town_tk099,town_tk099,town_tk099,town_tk099,town_tk099,town_tk095
lord_tk5_244,蒲生秀行,town_tk099,town_tk099,town_tk099,town_tk099,town_tk099,town_tk028
lord_tk5_245,川上忠智,town_tk178,town_tk178,town_tk178,town_tk178,town_tk178,
lord_tk5_246,川上久朗,town_tk178,town_tk178,town_tk178,,,
lord_tk5_247,河尻秀隆,town_tk080,town_tk080,town_tk084,town_tk084,town_tk084,
lord_tk5_248,河田长亲,town_tk049,town_tk049,town_tk049,town_tk049,,
lord_tk5_249,愿证寺证惠,town_tk092,town_tk092,town_tk092,,,
lord_tk5_250,神户具盛,town_tk091,town_tk090,town_tk090,town_tk090,town_tk097,
lord_tk5_251,菅达长,castle_tk266,castle_tk266,castle_tk266,castle_tk266,castle_tk265,castle_tk266
lord_tk5_252,城井镇房,town_tk168,town_tk168,town_tk168,town_tk168,town_tk168,
lord_tk5_253,喜入季久,town_tk178,town_tk178,town_tk178,town_tk178,town_tk178,
lord_tk5_254,木曾义昌,town_tk067,town_tk067,town_tk067,town_tk067,town_tk067,
lord_tk5_255,木曾义康,town_tk067,town_tk067,town_tk067,town_tk067,,
lord_tk5_256,北条景广,town_tk049,town_tk032,town_tk032,town_tk032,,
lord_tk5_257,北条高广,town_tk049,town_tk032,town_tk032,town_tk032,town_tk049,
lord_tk5_258,北信爱,town_tk003,town_tk003,town_tk003,town_tk003,town_tk003,town_tk005
lord_tk5_259,北畠具教,town_tk091,town_tk091,town_tk091,town_tk091,,
lord_tk5_260,北畠具房,town_tk091,town_tk091,town_tk091,town_tk091,,
lord_tk5_261,北畠晴具,town_tk091,town_tk091,,,,
lord_tk5_262,吉川经家,town_tk125,town_tk138,town_tk138,town_tk138,,
lord_tk5_263,吉川广家,town_tk125,town_tk125,town_tk125,town_tk121,town_tk121,town_tk121
lord_tk5_264,吉川元长,town_tk125,town_tk125,town_tk125,town_tk121,town_tk121,
lord_tk5_265,吉川元春,town_tk125,town_tk125,town_tk125,town_tk121,town_tk121,
lord_tk5_266,木下昌直,town_tk160,town_tk160,town_tk160,town_tk160,town_tk160,
lord_tk5_267,木村重成,village_tk216,village_tk216,village_tk216,village_tk216,village_tk216,town_tk113
lord_tk5_268,肝付兼续,town_tk176,town_tk176,,,,
lord_tk5_269,肝付兼护,town_tk176,town_tk176,town_tk176,town_tk176,town_tk176,town_tk178
lord_tk5_270,肝付良兼,town_tk176,town_tk176,town_tk176,,,
lord_tk5_271,京极高次,town_tk098,town_tk105,town_tk105,town_tk084,town_tk097,town_tk098
lord_tk5_272,京极高知,town_tk098,town_tk105,town_tk105,town_tk084,town_tk097,town_tk066
lord_tk5_273,京极高吉,town_tk098,town_tk105,town_tk105,town_tk084,,
lord_tk5_274,吉良亲贞,town_tk152,town_tk152,town_tk152,town_tk152,,
lord_tk5_275,吉良亲实,town_tk152,town_tk152,town_tk152,town_tk152,town_tk152,
lord_tk5_276,雾隐才藏,castle_tk251,castle_tk251,castle_tk251,castle_tk251,castle_tk251,castle_tk251
lord_tk5_277,九鬼广隆,village_tk208,village_tk208,village_tk208,village_tk208,village_tk208,town_tk156
lord_tk5_278,九鬼守隆,castle_tk265,castle_tk265,castle_tk265,castle_tk265,castle_tk265,town_tk093
lord_tk5_279,九鬼嘉隆,castle_tk265,castle_tk265,castle_tk265,castle_tk265,castle_tk265,castle_tk265
lord_tk5_280,楠长谙,village_tk216,town_tk101,town_tk101,town_tk101,town_tk097,
lord_tk5_281,口羽通良,town_tk125,town_tk125,town_tk125,town_tk121,town_tk121,
lord_tk5_282,朽木元纲,town_tk098,town_tk097,town_tk084,town_tk084,town_tk097,town_tk113
lord_tk5_283,国司元相,town_tk138,town_tk138,town_tk138,town_tk138,town_tk138,
lord_tk5_284,国友善兵卫,village_tk209,village_tk209,village_tk209,village_tk209,village_tk209,village_tk209
lord_tk5_285,九户政实,town_tk004,town_tk004,town_tk004,town_tk004,town_tk004,
lord_tk5_286,熊谷信直,town_tk125,town_tk125,town_tk125,town_tk121,town_tk121,
lord_tk5_287,组屋源四郎,village_tk214,village_tk214,village_tk214,village_tk214,village_tk214,village_tk214
lord_tk5_288,末吉孙左卫门,village_tk216,village_tk216,village_tk216,village_tk216,village_tk216,village_tk216
lord_tk5_289,藏田五郎左,village_tk194,village_tk194,village_tk194,village_tk194,,
lord_tk5_290,来岛通总,castle_tk269,castle_tk269,castle_tk269,castle_tk269,castle_tk269,
lord_tk5_291,村上通康,castle_tk269,castle_tk269,,,,
lord_tk5_292,黑田如水,town_tk127,town_tk127,town_tk127,town_tk096,town_tk127,town_tk168
lord_tk5_293,黑田长政,town_tk127,town_tk127,town_tk127,town_tk127,town_tk127,town_tk168
lord_tk5_294,黑田职隆,town_tk127,town_tk127,town_tk127,town_tk127,town_tk127,
lord_tk5_295,桑名吉成,town_tk152,town_tk152,town_tk152,town_tk152,town_tk152,town_tk152
lord_tk5_296,上泉信纲,town_tk035,town_tk035,village_tk189,,,
lord_tk5_297,高坂甚内,castle_tk250,castle_tk250,castle_tk250,castle_tk250,castle_tk250,village_tk192
lord_tk5_298,高坂昌信,town_tk069,town_tk063,town_tk063,town_tk063,,
lord_tk5_299,香宗我部亲泰,town_tk152,town_tk152,town_tk152,town_tk152,town_tk152,
lord_tk5_300,河野通直牛福丸,town_tk145,town_tk145,town_tk145,town_tk145,town_tk145,
lord_tk5_301,河野通宣,town_tk145,town_tk145,town_tk145,town_tk145,,
lord_tk5_302,高力清长,town_tk072,town_tk077,town_tk077,town_tk077,town_tk074,town_tk042
lord_tk5_303,小岛职镇,town_tk053,town_tk053,town_tk053,town_tk053,,
lord_tk5_304,五代友喜,town_tk178,town_tk178,town_tk178,town_tk178,town_tk178,town_tk178
lord_tk5_305,儿玉就英,town_tk138,town_tk138,town_tk136,town_tk136,town_tk136,town_tk140
lord_tk5_306,木造具政,town_tk091,town_tk091,town_tk091,town_tk091,town_tk090,
lord_tk5_307,笼手田安一,town_tk162,town_tk162,town_tk162,town_tk162,town_tk162,village_tk235
lord_tk5_308,笼手田安经,town_tk162,town_tk162,town_tk162,town_tk162,town_tk162,
lord_tk5_309,后藤贤丰,town_tk097,town_tk097,,,,
lord_tk5_310,后藤信康,town_tk019,town_tk019,town_tk019,town_tk019,town_tk019,town_tk010
lord_tk5_311,后藤又兵卫,town_tk127,town_tk127,town_tk127,town_tk127,town_tk127,town_tk168
lord_tk5_312,小西行长,village_tk222,village_tk222,village_tk222,village_tk222,town_tk127,town_tk167
lord_tk5_313,小西隆佐,village_tk222,village_tk222,village_tk222,village_tk222,village_tk222,
lord_tk5_314,小早川隆景,town_tk138,town_tk138,town_tk136,town_tk136,town_tk136,
lord_tk5_315,小早川秀秋,village_tk205,town_tk080,town_tk084,town_tk096,town_tk127,town_tk156
lord_tk5_316,小早川秀包,town_tk138,town_tk138,town_tk136,town_tk136,town_tk136,town_tk159
lord_tk5_317,小堀远州,village_tk212,village_tk212,village_tk212,village_tk212,village_tk212,town_tk041
lord_tk5_318,小梁川盛宗,town_tk019,town_tk019,town_tk019,town_tk019,town_tk019,
lord_tk5_319,近藤义武,town_tk000,town_tk000,town_tk000,town_tk000,town_tk000,town_tk000
lord_tk5_320,西园寺公广,town_tk147,town_tk147,town_tk147,town_tk147,town_tk147,
lord_tk5_321,杂贺孙一,town_tk116,town_tk116,town_tk116,town_tk116,town_tk116,
lord_tk5_322,斋藤龙兴,town_tk084,town_tk084,town_tk092,,,
lord_tk5_323,斋藤传鬼坊,village_tk188,village_tk193,village_tk188,village_tk188,village_tk188,
lord_tk5_324,斋藤道三,town_tk084,,,,,
lord_tk5_325,斋藤利三,town_tk084,town_tk088,town_tk084,town_tk098,town_tk106,
lord_tk5_326,斋藤朝信,town_tk049,town_tk049,town_tk049,town_tk049,town_tk049,
lord_tk5_327,斋藤义龙,town_tk084,town_tk084,,,,
lord_tk5_328,斋村政广,town_tk126,town_tk126,town_tk126,town_tk126,town_tk127,town_tk119
lord_tk5_329,佐伯惟定,town_tk172,town_tk172,town_tk172,town_tk172,town_tk172,town_tk147
lord_tk5_330,吉田印西,village_tk210,village_tk210,village_tk210,village_tk210,village_tk210,town_tk040
lord_tk5_331,酒井家次,town_tk072,town_tk077,town_tk077,town_tk074,town_tk074,town_tk041
lord_tk5_332,酒井忠次,town_tk072,town_tk077,town_tk077,town_tk074,town_tk074,
lord_tk5_333,酒井忠世,town_tk072,town_tk077,town_tk077,town_tk074,town_tk074,town_tk041
lord_tk5_334,坂井政尚,town_tk080,town_tk080,town_tk084,,,
lord_tk5_335,榊原康政,town_tk072,town_tk077,town_tk077,town_tk074,town_tk074,town_tk034
lord_tk5_336,坂崎直盛,town_tk133,town_tk133,town_tk133,town_tk131,town_tk131,town_tk041
lord_tk5_337,相良义阳,town_tk166,town_tk166,town_tk166,town_tk166,,
lord_tk5_338,相良赖房,town_tk166,town_tk166,town_tk166,town_tk166,town_tk166,town_tk166
lord_tk5_339,佐久间信盛,town_tk080,town_tk080,town_tk084,town_tk084,,
lord_tk5_340,佐久间盛重,town_tk081,town_tk081,,,,
lord_tk5_341,佐久间盛政,town_tk083,town_tk080,town_tk084,town_tk060,town_tk060,
lord_tk5_342,鲑延秀纲,town_tk015,town_tk017,town_tk017,town_tk017,town_tk017,town_tk017
lord_tk5_343,佐佐木小次郎,village_tk198,village_tk198,village_tk198,village_tk198,village_tk198,village_tk198
lord_tk5_344,笹部勘二郎,town_tk133,town_tk133,town_tk133,town_tk133,,
lord_tk5_345,佐世元嘉,town_tk121,town_tk121,town_tk138,town_tk138,town_tk138,town_tk140
lord_tk5_346,佐竹义昭,town_tk024,town_tk024,,,,
lord_tk5_347,佐竹义重,town_tk024,town_tk024,town_tk024,town_tk024,town_tk024,town_tk025
lord_tk5_348,佐竹义宣,town_tk024,town_tk024,town_tk024,town_tk024,town_tk024,town_tk025
lord_tk5_349,佐竹义久,town_tk024,town_tk024,town_tk024,town_tk024,town_tk024,town_tk025
lord_tk5_350,佐田彦四郎,castle_tk255,castle_tk255,castle_tk255,castle_tk255,castle_tk255,castle_tk255
lord_tk5_351,佐佐成政,town_tk080,town_tk080,town_tk084,town_tk084,town_tk053,
lord_tk5_352,里见义尧,town_tk037,town_tk037,town_tk037,,,
lord_tk5_353,里见义弘,town_tk037,town_tk037,town_tk037,town_tk037,,
lord_tk5_354,里见义康,town_tk037,town_tk037,town_tk037,town_tk037,town_tk037,town_tk038
lord_tk5_355,里见义赖,town_tk037,town_tk037,town_tk037,town_tk037,town_tk037,
lord_tk5_356,真田信纲,town_tk062,town_tk062,town_tk062,town_tk062,,
lord_tk5_357,真田信幸,town_tk062,town_tk062,town_tk062,town_tk062,town_tk062,town_tk033
lord_tk5_358,真田昌辉,town_tk062,town_tk062,town_tk062,town_tk062,,
lord_tk5_359,真田昌幸,town_tk062,town_tk062,town_tk062,town_tk062,town_tk062,town_tk062
lord_tk5_360,真田幸隆,town_tk062,town_tk062,town_tk062,,,
lord_tk5_361,真田幸村,town_tk062,town_tk062,town_tk062,town_tk062,town_tk062,town_tk062
lord_tk5_362,佐野房纲,town_tk040,town_tk040,town_tk040,town_tk040,town_tk040,village_tk188
lord_tk5_363,佐分利猪之助,village_tk208,village_tk208,village_tk208,village_tk208,village_tk208,village_tk208
lord_tk5_364,猿飞佐助,village_tk200,village_tk200,village_tk200,village_tk200,village_tk200,castle_tk253
lord_tk5_365,猿渡信光,town_tk178,town_tk178,town_tk178,town_tk178,town_tk178,
lord_tk5_366,山本寺定长,town_tk049,town_tk049,town_tk049,town_tk049,,
lord_tk5_367,椎名康胤,town_tk054,town_tk054,town_tk054,town_tk054,,
lord_tk5_368,志贺亲次,town_tk171,town_tk171,town_tk171,town_tk171,town_tk171,town_tk080
lord_tk5_369,志贺亲守,town_tk171,town_tk171,town_tk171,town_tk171,town_tk171,
lord_tk5_370,繁泽元氏,town_tk138,town_tk125,town_tk125,town_tk121,town_tk121,town_tk124
lord_tk5_371,宍户隆家,town_tk138,town_tk138,town_tk138,town_tk138,town_tk138,
lord_tk5_372,宍户梅轩,village_tk211,village_tk211,village_tk211,village_tk211,village_tk211,village_tk208
lord_tk5_373,宍户元续,town_tk138,town_tk138,town_tk138,town_tk138,town_tk138,town_tk140
lord_tk5_374,七条兼仲,town_tk149,town_tk111,town_tk149,town_tk149,town_tk143,
lord_tk5_375,七里赖周,town_tk056,town_tk056,town_tk056,town_tk056,,
lord_tk5_376,篠原长房,town_tk148,town_tk148,town_tk148,,,
lord_tk5_377,斯波诠直,town_tk006,town_tk006,town_tk006,town_tk006,town_tk006,town_tk005
lord_tk5_378,斯波诠真,town_tk006,town_tk006,town_tk006,town_tk006,,
lord_tk5_379,柴田胜家,town_tk083,town_tk080,town_tk084,town_tk060,town_tk060,
lord_tk5_380,柴田胜丰,town_tk083,town_tk080,town_tk084,town_tk084,town_tk060,
lord_tk5_381,新发田重家,town_tk050,town_tk050,town_tk050,town_tk050,town_tk050,
lord_tk5_382,新发田长敦,town_tk050,town_tk050,town_tk050,town_tk050,,
lord_tk5_383,芝辻清右卫门,village_tk217,village_tk217,village_tk217,village_tk217,village_tk217,village_tk217
lord_tk5_384,涩谷与右卫门,village_tk226,village_tk226,village_tk226,village_tk226,village_tk226,village_tk226
lord_tk5_385,岛井宗室,village_tk233,village_tk233,village_tk233,village_tk233,village_tk233,village_tk233
lord_tk5_386,岛左近,town_tk102,town_tk102,town_tk102,town_tk102,town_tk102,town_tk095
lord_tk5_387,岛津家久,town_tk178,town_tk178,town_tk178,town_tk178,town_tk178,
lord_tk5_388,岛津日新斋,town_tk178,town_tk178,,,,
lord_tk5_389,岛津贵久,town_tk178,town_tk178,town_tk178,,,
lord_tk5_390,岛津忠恒,town_tk178,town_tk178,town_tk178,town_tk178,town_tk178,town_tk178
lord_tk5_391,岛津岁久,town_tk178,town_tk178,town_tk178,town_tk178,town_tk178,
lord_tk5_392,岛津丰久,town_tk178,town_tk178,town_tk178,town_tk178,town_tk178,town_tk173
lord_tk5_393,岛津义虎,town_tk179,town_tk179,town_tk179,town_tk179,town_tk179,
lord_tk5_394,岛津义久,town_tk178,town_tk178,town_tk178,town_tk178,town_tk178,town_tk177
lord_tk5_395,岛津义弘,town_tk178,town_tk178,town_tk178,town_tk178,town_tk178,town_tk178
lord_tk5_396,清水宗治,town_tk135,town_tk138,town_tk135,town_tk135,town_tk135,
lord_tk5_397,清水康英,town_tk046,town_tk046,town_tk046,town_tk046,town_tk046,
lord_tk5_398,志村光安,town_tk016,town_tk016,town_tk016,town_tk016,town_tk016,town_tk016
lord_tk5_399,下间仲孝,town_tk113,town_tk113,town_tk113,town_tk113,village_tk216,village_tk216
lord_tk5_400,下间赖照,town_tk058,town_tk058,town_tk058,town_tk058,,
lord_tk5_401,下间赖廉,town_tk113,town_tk113,town_tk113,town_tk113,village_tk216,village_tk212
lord_tk5_402,上条政繁,town_tk049,town_tk049,town_tk049,town_tk049,town_tk049,town_tk041
lord_tk5_403,白石宗实,town_tk019,town_tk019,town_tk019,town_tk019,town_tk019,town_tk011
lord_tk5_404,神西元通,town_tk121,town_tk121,town_tk138,town_tk138,,
lord_tk5_405,神保氏张,town_tk053,town_tk053,town_tk053,town_tk053,town_tk053,
lord_tk5_406,神保长住,town_tk053,town_tk053,town_tk053,village_tk195,village_tk195,
lord_tk5_407,神保长城,town_tk053,town_tk053,town_tk053,town_tk053,,
lord_tk5_408,神保长职,town_tk053,town_tk053,town_tk053,,,
lord_tk5_409,陶晴贤,town_tk141,,,,,
lord_tk5_410,菅沼定盈,town_tk072,town_tk072,town_tk077,town_tk074,town_tk078,town_tk092
lord_tk5_411,杉谷善住坊,castle_tk253,castle_tk253,castle_tk253,,,
lord_tk5_412,杉之坊照算,castle_tk254,castle_tk254,castle_tk254,castle_tk254,castle_tk254,castle_tk254
lord_tk5_413,铃木佐太夫,town_tk116,town_tk116,town_tk116,town_tk116,town_tk116,
lord_tk5_414,铃木重朝,town_tk116,town_tk116,town_tk116,town_tk116,town_tk116,town_tk113
lord_tk5_415,薄田兼相,town_tk138,town_tk138,town_tk136,town_tk136,town_tk136,town_tk156
lord_tk5_416,铃木元信,town_tk019,town_tk019,town_tk019,town_tk019,town_tk019,town_tk010
lord_tk5_417,须田满亲,village_tk199,village_tk199,village_tk199,village_tk199,town_tk049,
lord_tk5_418,津田宗及,village_tk215,village_tk215,village_tk215,village_tk215,village_tk215,
lord_tk5_419,角仓素庵,village_tk212,village_tk212,village_tk212,village_tk212,village_tk212,village_tk212
lord_tk5_420,角仓了以,village_tk212,village_tk212,village_tk212,village_tk212,village_tk212,village_tk212
lord_tk5_421,关一政,town_tk091,town_tk091,town_tk091,town_tk091,town_tk090,town_tk064
lord_tk5_422,关口氏广,town_tk072,town_tk072,,,,
lord_tk5_423,世鬼政时,castle_tk255,castle_tk255,castle_tk255,castle_tk255,castle_tk255,
lord_tk5_424,关盛信,town_tk091,town_tk091,town_tk091,town_tk091,town_tk090,
lord_tk5_425,仙石秀久,town_tk080,town_tk080,town_tk084,town_tk084,town_tk127,town_tk065
lord_tk5_426,千利休,village_tk215,village_tk215,village_tk215,village_tk215,village_tk215,
lord_tk5_427,相马盛胤,town_tk023,town_tk023,town_tk023,town_tk023,town_tk023,town_tk023
lord_tk5_428,相马义胤,town_tk023,town_tk023,town_tk023,town_tk023,town_tk023,town_tk023
lord_tk5_429,宗义调,town_tk155,town_tk155,town_tk155,town_tk155,town_tk155,
lord_tk5_430,宗义智,town_tk155,town_tk155,town_tk155,town_tk155,town_tk155,town_tk155
lord_tk5_431,十河一存,town_tk143,town_tk143,,,,
lord_tk5_432,十河存保,town_tk143,town_tk143,town_tk143,town_tk143,town_tk143,
lord_tk5_433,太原雪斋,town_tk072,,,,,
lord_tk5_434,大道寺政繁,town_tk046,town_tk046,town_tk046,town_tk046,town_tk046,
lord_tk5_435,大宝寺义氏,town_tk018,town_tk018,town_tk018,town_tk018,town_tk018,
lord_tk5_436,高岛正重,town_tk154,town_tk154,town_tk154,town_tk152,town_tk152,town_tk152
lord_tk5_437,高梨政赖,town_tk049,town_tk064,town_tk049,town_tk049,,
lord_tk5_438,高桥鉴种,town_tk157,town_tk157,town_tk157,town_tk169,,
lord_tk5_439,高桥绍运,town_tk170,town_tk170,town_tk170,town_tk157,town_tk157,
lord_tk5_440,高山重友,town_tk100,town_tk101,town_tk114,town_tk114,town_tk097,town_tk056
lord_tk5_441,高山友照,town_tk100,town_tk101,town_tk114,town_tk114,village_tk198,
lord_tk5_442,泷川一益,village_tk205,town_tk080,town_tk090,town_tk092,town_tk092,
lord_tk5_443,泷川雄利,village_tk208,town_tk091,town_tk091,town_tk091,town_tk090,town_tk113
lord_tk5_444,田北镇周,town_tk170,town_tk170,town_tk170,town_tk170,,
lord_tk5_445,泷本寺非有,town_tk152,town_tk152,town_tk152,town_tk152,town_tk152,
lord_tk5_446,武井夕庵,town_tk084,town_tk084,town_tk084,town_tk084,town_tk097,
lord_tk5_447,武田胜赖,town_tk069,town_tk069,town_tk069,town_tk069,town_tk069,
lord_tk5_448,武田逍遥轩,town_tk066,town_tk066,town_tk066,town_tk069,town_tk069,
lord_tk5_449,武田信玄,town_tk069,town_tk069,town_tk069,,,
lord_tk5_450,武田信繁,town_tk069,town_tk069,,,,
lord_tk5_451,武田信丰,town_tk065,town_tk069,town_tk065,town_tk065,town_tk065,
lord_tk5_452,武田元明,village_tk214,village_tk214,village_tk214,village_tk214,town_tk106,
lord_tk5_453,武田义信,town_tk069,town_tk069,,,,
lord_tk5_454,竹中重门,town_tk086,town_tk084,town_tk084,town_tk096,town_tk127,town_tk085
lord_tk5_455,竹中半兵卫,town_tk086,town_tk086,town_tk084,town_tk096,,
lord_tk5_456,立花道雪,town_tk170,town_tk170,town_tk170,town_tk156,town_tk156,
lord_tk5_457,立花直次,town_tk170,town_tk170,town_tk170,town_tk156,town_tk156,town_tk158
lord_tk5_458,立花宗茂,town_tk170,town_tk170,town_tk170,town_tk156,town_tk156,town_tk158
lord_tk5_459,立原久纲,town_tk121,town_tk121,village_tk220,village_tk220,village_tk220,town_tk149
lord_tk5_460,楯冈满茂,town_tk016,town_tk016,town_tk016,town_tk016,town_tk016,town_tk016
lord_tk5_461,伊达实元,town_tk019,town_tk019,town_tk019,town_tk019,town_tk019,
lord_tk5_462,伊达成实,town_tk019,town_tk019,town_tk019,town_tk019,town_tk019,town_tk010
lord_tk5_463,伊达稙宗,town_tk019,village_tk183,,,,
lord_tk5_464,伊达辉宗,town_tk019,town_tk019,town_tk019,town_tk019,town_tk019,
lord_tk5_465,伊达晴宗,town_tk019,town_tk019,village_tk183,town_tk019,,
lord_tk5_466,伊达政宗,town_tk019,town_tk019,town_tk019,town_tk019,town_tk019,town_tk010
lord_tk5_467,田中胜介,village_tk212,village_tk212,village_tk212,village_tk212,village_tk212,village_tk212
lord_tk5_468,田中吉政,town_tk094,town_tk094,town_tk094,town_tk096,town_tk127,town_tk077
lord_tk5_469,谷忠澄,town_tk152,town_tk152,town_tk152,town_tk152,town_tk152,town_tk154
lord_tk5_470,种子岛时尧,town_tk178,town_tk178,town_tk178,town_tk178,,
lord_tk5_471,种子岛久时,town_tk178,town_tk178,town_tk178,town_tk178,town_tk178,town_tk178
lord_tk5_472,田村清显,town_tk020,town_tk020,town_tk020,town_tk020,town_tk020,
lord_tk5_473,多罗尾光俊,castle_tk253,castle_tk253,castle_tk253,castle_tk253,castle_tk253,town_tk041
lord_tk5_474,田原亲贤,town_tk170,town_tk170,town_tk170,town_tk170,town_tk170,village_tk238
lord_tk5_475,千贺孙兵卫,castle_tk263,castle_tk263,castle_tk263,castle_tk263,castle_tk263,castle_tk262
lord_tk5_476,千坂景亲,town_tk049,town_tk049,town_tk049,town_tk049,town_tk049,town_tk020
lord_tk5_477,千叶邦胤,town_tk039,town_tk039,town_tk039,town_tk039,town_tk039,
lord_tk5_478,千叶胤富,town_tk039,town_tk039,town_tk039,town_tk039,,
lord_tk5_479,茶屋又四郎,village_tk212,village_tk212,village_tk212,village_tk212,village_tk212,village_tk212
lord_tk5_480,茶屋四郎次郎,village_tk212,village_tk212,village_tk212,village_tk212,village_tk212,
lord_tk5_481,长宗我部国亲,town_tk152,,,,,
lord_tk5_482,长宗我部信亲,town_tk152,town_tk152,town_tk152,town_tk152,town_tk152,
lord_tk5_483,长宗我部元亲,town_tk152,town_tk152,town_tk152,town_tk152,town_tk152,town_tk152
lord_tk5_484,长宗我部盛亲,town_tk152,town_tk152,town_tk152,town_tk152,town_tk152,town_tk152
lord_tk5_485,长续连,town_tk055,town_tk055,town_tk055,town_tk055,,
lord_tk5_486,长连龙,town_tk055,town_tk055,town_tk055,town_tk055,town_tk055,town_tk056
lord_tk5_487,塚原卜传,village_tk187,village_tk187,village_tk187,,,
lord_tk5_488,津轻为信,town_tk003,town_tk001,town_tk001,town_tk001,town_tk001,town_tk001
lord_tk5_489,柘植三之丞,castle_tk251,castle_tk251,castle_tk251,castle_tk251,castle_tk251,castle_tk251
lord_tk5_490,津田信澄,town_tk083,town_tk080,town_tk084,town_tk084,town_tk097,
lord_tk5_491,土屋昌恒,town_tk069,town_tk069,town_tk069,town_tk069,town_tk069,
lord_tk5_492,筒井定次,town_tk102,town_tk102,town_tk102,town_tk102,town_tk102,town_tk103
lord_tk5_493,筒井顺庆,town_tk102,town_tk102,town_tk102,town_tk102,town_tk102,
lord_tk5_494,角隈石宗,town_tk170,town_tk170,town_tk170,town_tk170,,
lord_tk5_495,津野亲忠,town_tk152,town_tk152,town_tk152,town_tk152,town_tk152,town_tk152
lord_tk5_496,土居宗珊,town_tk154,town_tk154,town_tk154,,,
lord_tk5_497,土井利胜,town_tk077,town_tk077,town_tk077,town_tk074,town_tk074,town_tk041
lord_tk5_498,东乡重位,town_tk178,town_tk178,town_tk178,town_tk178,town_tk178,town_tk178
lord_tk5_499,藤堂高虎,town_tk094,town_tk094,town_tk094,town_tk084,town_tk097,town_tk147
lord_tk5_500,远山景任,town_tk087,town_tk087,town_tk087,,,
lord_tk5_501,远山纲景,town_tk046,town_tk046,,,,
lord_tk5_502,户川秀安,town_tk133,town_tk133,town_tk133,town_tk131,town_tk131,
lord_tk5_503,户川逵安,town_tk133,town_tk133,town_tk133,town_tk131,town_tk131,town_tk131
lord_tk5_504,土岐赖次,town_tk100,town_tk101,town_tk101,town_tk101,village_tk211,town_tk113
lord_tk5_505,得居通之,town_tk145,town_tk145,town_tk145,town_tk145,town_tk145,
lord_tk5_506,德川家康,town_tk072,town_tk077,town_tk077,town_tk074,town_tk074,town_tk041
lord_tk5_507,德川信康,town_tk072,town_tk077,town_tk077,town_tk077,,
lord_tk5_508,德川秀忠,town_tk072,town_tk077,town_tk077,town_tk074,town_tk074,town_tk041
lord_tk5_509,户泽盛安,village_tk184,village_tk184,village_tk184,village_tk184,village_tk184,
lord_tk5_510,富田景政,town_tk059,town_tk059,town_tk059,village_tk198,village_tk198,
lord_tk5_511,富田重政,town_tk059,town_tk059,town_tk059,village_tk198,village_tk198,town_tk056
lord_tk5_512,富田势源,village_tk198,village_tk198,,,,
lord_tk5_513,富田隆实,town_tk020,town_tk020,town_tk020,town_tk020,town_tk020,
lord_tk5_514,富永山随,castle_tk262,castle_tk262,castle_tk262,castle_tk262,castle_tk262,
lord_tk5_515,丰臣秀次,village_tk205,town_tk080,town_tk084,town_tk096,town_tk127,
lord_tk5_516,丰臣秀长,village_tk205,village_tk205,town_tk084,town_tk096,town_tk127,
lord_tk5_517,丰臣秀吉,village_tk205,town_tk080,town_tk084,town_tk096,town_tk127,
lord_tk5_518,丰臣秀赖,village_tk205,town_tk080,town_tk084,town_tk096,town_tk127,town_tk113
lord_tk5_519,鸟居强右卫门,town_tk072,town_tk077,town_tk078,town_tk078,,
lord_tk5_520,鸟居忠吉,town_tk072,town_tk077,town_tk077,,,
lord_tk5_521,鸟居元忠,town_tk072,town_tk077,town_tk077,town_tk074,town_tk074,town_tk105
lord_tk5_522,内藤如安,town_tk100,town_tk101,town_tk101,town_tk101,village_tk211,town_tk167
lord_tk5_523,内藤昌丰,town_tk069,town_tk069,town_tk035,town_tk035,,
lord_tk5_524,内藤正成,town_tk072,town_tk077,town_tk077,town_tk074,town_tk074,town_tk041
lord_tk5_525,直江景纲,town_tk049,town_tk049,town_tk049,town_tk049,,
lord_tk5_526,直江兼续,town_tk049,town_tk049,town_tk049,town_tk049,town_tk049,town_tk019
lord_tk5_527,长井道利,town_tk084,town_tk084,town_tk084,,,
lord_tk5_528,长尾政景,town_tk049,town_tk049,,,,
lord_tk5_529,中川清秀,town_tk149,town_tk111,town_tk149,town_tk149,town_tk115,
lord_tk5_530,长坂钓闲,town_tk069,town_tk069,town_tk069,town_tk069,town_tk069,
lord_tk5_531,中岛重房,town_tk152,town_tk152,town_tk152,town_tk152,town_tk152,town_tk152
lord_tk5_532,中岛可之助,town_tk152,town_tk152,town_tk152,town_tk152,town_tk152,
lord_tk5_533,中条景泰,town_tk049,town_tk049,town_tk049,town_tk049,town_tk054,
lord_tk5_534,永田德本,village_tk201,village_tk201,village_tk201,village_tk201,village_tk201,village_tk201
lord_tk5_535,长野具藤,town_tk091,town_tk090,town_tk090,town_tk090,,
lord_tk5_536,长野业正,town_tk035,town_tk035,,,,
lord_tk5_537,长野业盛,town_tk035,town_tk035,,,,
lord_tk5_538,中野宗时,town_tk019,town_tk019,town_tk019,,,
lord_tk5_539,中村一氏,town_tk080,town_tk080,town_tk084,town_tk084,town_tk127,town_tk072
lord_tk5_540,道川兵卫三郎,village_tk198,village_tk198,village_tk198,village_tk198,village_tk198,village_tk198
lord_tk5_541,中山朝正,town_tk016,town_tk016,town_tk016,town_tk016,town_tk016,town_tk016
lord_tk5_542,名古屋山三郎,village_tk210,village_tk210,village_tk210,village_tk210,village_tk210,town_tk087
lord_tk5_543,奈佐日本助,castle_tk264,castle_tk264,castle_tk264,castle_tk264,,
lord_tk5_544,那须资晴,town_tk031,town_tk031,town_tk031,town_tk031,town_tk031,town_tk041
lord_tk5_545,长束正家,village_tk209,town_tk080,town_tk084,town_tk095,town_tk095,town_tk097
lord_tk5_546,夏目吉信,town_tk072,town_tk077,town_tk077,,,
lord_tk5_547,锅岛胜茂,town_tk160,town_tk160,town_tk160,town_tk160,town_tk160,town_tk160
lord_tk5_548,锅岛直茂,town_tk160,town_tk160,town_tk160,town_tk160,town_tk160,town_tk160
lord_tk5_549,吕宋助左卫门,village_tk215,village_tk215,village_tk215,village_tk215,village_tk215,village_tk215
lord_tk5_550,成田氏长,town_tk044,town_tk044,town_tk044,town_tk044,town_tk044,
lord_tk5_551,成田长忠,town_tk044,town_tk044,town_tk044,town_tk044,town_tk044,town_tk031
lord_tk5_552,成田长泰,town_tk044,town_tk044,village_tk202,,,
lord_tk5_553,成松信胜,town_tk160,town_tk160,town_tk160,town_tk160,town_tk160,
lord_tk5_554,成富茂安,town_tk160,town_tk160,town_tk160,town_tk160,town_tk160,town_tk160
lord_tk5_555,南部利直,town_tk003,town_tk003,town_tk003,town_tk003,town_tk003,town_tk005
lord_tk5_556,南部信直,town_tk003,town_tk003,town_tk003,town_tk003,town_tk003,town_tk005
lord_tk5_557,南部晴政,town_tk003,town_tk003,town_tk003,town_tk003,,
lord_tk5_558,新纳忠元,town_tk178,town_tk178,town_tk178,town_tk178,town_tk178,town_tk178
lord_tk5_559,西川仁右卫门,village_tk210,village_tk210,village_tk210,village_tk210,village_tk210,village_tk210
lord_tk5_560,仁科盛信,town_tk069,town_tk069,town_tk069,town_tk066,town_tk066,
lord_tk5_561,二曲轮猪助,castle_tk248,castle_tk248,castle_tk248,castle_tk248,castle_tk248,castle_tk251
lord_tk5_562,二宫就辰,town_tk138,town_tk138,town_tk138,town_tk138,town_tk138,town_tk140
lord_tk5_563,二本松义继,town_tk021,town_tk021,town_tk021,town_tk021,town_tk021,
lord_tk5_564,丹羽长重,town_tk080,town_tk080,town_tk084,town_tk095,town_tk095,town_tk057
lord_tk5_565,丹羽长秀,town_tk080,town_tk080,town_tk084,town_tk095,town_tk095,
lord_tk5_566,温井景隆,town_tk055,town_tk055,town_tk055,town_tk055,town_tk054,
lord_tk5_567,沼田祐光,town_tk098,village_tk181,town_tk001,town_tk001,town_tk001,town_tk001
lord_tk5_568,根岸兔角,village_tk187,village_tk187,village_tk187,village_tk187,village_tk187,town_tk168
lord_tk5_569,祢寝重长,town_tk176,town_tk176,town_tk176,town_tk178,,
lord_tk5_570,根津甚八,village_tk208,village_tk208,village_tk208,village_tk208,village_tk208,castle_tk265
lord_tk5_571,乃美宗胜,town_tk138,town_tk138,town_tk136,town_tk136,town_tk136,
lord_tk5_572,拜乡家嘉,village_tk205,village_tk205,town_tk084,town_tk060,town_tk060,
lord_tk5_573,垪和氏续,town_tk046,town_tk046,town_tk073,town_tk073,town_tk073,
lord_tk5_574,芳贺高定,town_tk028,town_tk028,town_tk028,,,
lord_tk5_575,芳贺高继,town_tk028,town_tk028,town_tk028,town_tk028,town_tk028,
lord_tk5_576,友野二郎兵卫,village_tk202,village_tk202,village_tk202,,,
lord_tk5_577,支仓常长,town_tk019,town_tk019,town_tk019,town_tk019,town_tk019,town_tk010
lord_tk5_578,畠山高政,town_tk112,town_tk112,town_tk112,village_tk217,,
lord_tk5_579,畠山义续,town_tk055,town_tk055,village_tk210,village_tk210,village_tk210,
lord_tk5_580,畠山义纲,town_tk055,town_tk055,village_tk209,village_tk209,village_tk209,
lord_tk5_581,波多野晴通,town_tk107,,,,,
lord_tk5_582,波多野秀尚,town_tk107,town_tk107,town_tk107,town_tk107,,
lord_tk5_583,波多野秀治,town_tk107,town_tk107,town_tk107,town_tk107,,
lord_tk5_584,蜂须贺家政,village_tk206,village_tk206,town_tk084,town_tk096,town_tk127,town_tk149
lord_tk5_585,蜂须贺小六,village_tk206,village_tk206,town_tk084,town_tk096,town_tk127,
lord_tk5_586,蜂屋赖隆,town_tk084,town_tk084,town_tk084,town_tk084,town_tk097,
lord_tk5_587,服部半藏,town_tk072,town_tk077,town_tk077,town_tk074,town_tk074,
lord_tk5_588,堀立直正,village_tk228,village_tk228,village_tk228,village_tk228,,
lord_tk5_589,花房正成,town_tk133,town_tk133,town_tk133,town_tk131,town_tk131,town_tk131
lord_tk5_590,花房正幸,town_tk133,town_tk133,town_tk133,town_tk131,town_tk131,town_tk131
lord_tk5_591,花房职秀,town_tk133,town_tk133,town_tk133,town_tk131,town_tk131,town_tk025
lord_tk5_592,马场信春,town_tk069,town_tk069,town_tk069,town_tk069,,
lord_tk5_593,林崎甚助,village_tk185,village_tk185,village_tk185,village_tk185,village_tk185,village_tk185
lord_tk5_594,林秀贞,town_tk083,town_tk083,town_tk084,town_tk083,,
lord_tk5_595,原田宗时,town_tk019,town_tk019,town_tk019,town_tk019,town_tk019,
lord_tk5_596,原虎胤,town_tk069,town_tk069,,,,
lord_tk5_597,原昌胤,town_tk069,town_tk069,town_tk069,town_tk069,,
lord_tk5_598,播磨屋宗德,village_tk232,village_tk232,village_tk232,village_tk232,village_tk232,village_tk232
lord_tk5_599,塙直政,town_tk080,town_tk080,town_tk084,town_tk084,,
lord_tk5_600,塙团右卫门,village_tk205,village_tk205,village_tk205,village_tk205,village_tk205,town_tk145
lord_tk5_601,疋田丰五郎,town_tk035,town_tk035,village_tk216,village_tk216,village_tk216,village_tk236
lord_tk5_602,久武亲直,town_tk152,town_tk152,town_tk152,town_tk152,town_tk152,town_tk152
lord_tk5_603,久武亲信,town_tk152,town_tk152,town_tk152,town_tk152,,
lord_tk5_604,鸿池新六,town_tk121,town_tk121,village_tk222,village_tk222,village_tk222,village_tk222
lord_tk5_605,日根野弘就,town_tk084,town_tk084,town_tk094,town_tk084,town_tk097,town_tk113
lord_tk5_606,百武贤兼,town_tk160,town_tk160,town_tk160,town_tk160,town_tk160,
lord_tk5_607,平井经治,town_tk163,town_tk163,town_tk163,,,
lord_tk5_608,平岩亲吉,town_tk072,town_tk077,town_tk077,town_tk077,town_tk074,town_tk032
lord_tk5_609,平冈房实,town_tk145,town_tk145,town_tk145,town_tk145,town_tk145,
lord_tk5_610,平贺元相,town_tk138,town_tk138,town_tk138,town_tk138,town_tk138,town_tk140
lord_tk5_611,平手泛秀,town_tk080,town_tk080,town_tk084,,,
lord_tk5_612,平野长泰,village_tk205,village_tk205,village_tk205,village_tk205,town_tk127,town_tk113
lord_tk5_613,风魔小太郎,castle_tk248,castle_tk248,castle_tk248,castle_tk248,castle_tk248,village_tk192
lord_tk5_614,深水长智,town_tk166,town_tk166,town_tk166,town_tk166,town_tk166,
lord_tk5_615,福岛正则,village_tk205,town_tk080,town_tk084,town_tk096,town_tk127,town_tk080
lord_tk5_616,福留亲政,town_tk152,town_tk152,town_tk152,town_tk152,,
lord_tk5_617,福留仪重,town_tk152,town_tk152,town_tk152,town_tk152,town_tk152,
lord_tk5_618,福原贞俊,town_tk138,town_tk138,town_tk138,town_tk138,town_tk138,
lord_tk5_619,古田织部,town_tk115,town_tk115,town_tk115,town_tk115,town_tk097,village_tk212
lord_tk5_620,不破光治,town_tk084,town_tk084,town_tk084,town_tk084,,
lord_tk5_621,别所长治,town_tk128,town_tk128,town_tk128,town_tk128,,
lord_tk5_622,穗井田元清,town_tk138,town_tk138,town_tk138,town_tk138,town_tk138,
lord_tk5_623,北条氏胜,town_tk047,town_tk047,town_tk047,town_tk047,town_tk047,town_tk039
lord_tk5_624,北条氏邦,town_tk046,town_tk046,town_tk034,town_tk034,town_tk034,
lord_tk5_625,北条氏繁,town_tk047,town_tk047,town_tk047,town_tk047,,
lord_tk5_626,北条氏照,town_tk043,town_tk046,town_tk043,town_tk045,town_tk045,
lord_tk5_627,北条氏直,town_tk046,town_tk046,town_tk046,town_tk046,town_tk046,
lord_tk5_628,北条氏规,town_tk048,town_tk046,town_tk048,town_tk048,town_tk048,town_tk113
lord_tk5_629,北条氏政,town_tk046,town_tk046,town_tk046,town_tk046,town_tk046,
lord_tk5_630,北条氏康,town_tk046,town_tk046,town_tk046,,,
lord_tk5_631,北条幻庵,town_tk046,town_tk046,town_tk046,town_tk046,town_tk046,
lord_tk5_632,北条纲成,town_tk047,town_tk047,town_tk047,town_tk047,town_tk047,
lord_tk5_633,宝藏院胤荣,village_tk211,village_tk211,village_tk211,village_tk211,village_tk211,village_tk211
lord_tk5_634,保科正俊,town_tk066,town_tk066,town_tk066,town_tk066,town_tk072,
lord_tk5_635,安井道顿,village_tk216,village_tk216,village_tk216,village_tk216,village_tk216,village_tk216
lord_tk5_636,细川忠兴,town_tk098,town_tk105,town_tk105,town_tk084,town_tk109,town_tk109
lord_tk5_637,细川晴元,town_tk098,town_tk105,,,,
lord_tk5_638,细川幽斋,town_tk098,town_tk105,town_tk105,town_tk084,town_tk109,town_tk109
lord_tk5_639,堀尾忠氏,village_tk206,village_tk206,town_tk084,town_tk096,town_tk127,town_tk074
lord_tk5_640,堀尾吉晴,village_tk206,village_tk206,town_tk084,town_tk096,town_tk127,town_tk074
lord_tk5_641,堀直政,village_tk206,village_tk206,town_tk084,town_tk084,town_tk097,town_tk049
lord_tk5_642,堀内氏善,town_tk117,town_tk117,town_tk117,town_tk117,town_tk117,town_tk117
lord_tk5_643,堀秀治,town_tk084,town_tk080,town_tk084,town_tk084,town_tk097,town_tk049
lord_tk5_644,堀秀政,town_tk084,town_tk080,town_tk084,town_tk084,town_tk097,
lord_tk5_645,本因坊算砂,village_tk212,village_tk212,village_tk212,village_tk212,village_tk212,town_tk041
lord_tk5_646,本愿寺教如,town_tk113,town_tk113,town_tk113,town_tk113,village_tk216,village_tk212
lord_tk5_647,本愿寺显如,town_tk113,town_tk113,town_tk113,town_tk113,village_tk216,
lord_tk5_648,本愿寺准如,town_tk113,town_tk113,town_tk113,town_tk113,village_tk216,village_tk216
lord_tk5_649,北乡时久,town_tk178,town_tk178,town_tk178,town_tk178,town_tk178,
lord_tk5_650,本庄繁长,town_tk051,town_tk051,town_tk051,town_tk051,town_tk051,town_tk022
lord_tk5_651,本多重次,town_tk072,town_tk077,town_tk077,town_tk077,town_tk074,
lord_tk5_652,本多忠胜,town_tk072,town_tk077,town_tk077,town_tk074,town_tk074,town_tk037
lord_tk5_653,本多忠朝,town_tk072,town_tk077,town_tk077,town_tk074,town_tk074,town_tk037
lord_tk5_654,本多忠政,town_tk072,town_tk077,town_tk077,town_tk074,town_tk074,town_tk037
lord_tk5_655,本多正纯,town_tk072,town_tk077,town_tk077,town_tk074,town_tk074,town_tk041
lord_tk5_656,本多正信,town_tk072,town_tk077,town_tk077,town_tk074,town_tk074,town_tk041
lord_tk5_657,前田庆次,town_tk080,town_tk080,town_tk084,town_tk084,town_tk055,town_tk020
lord_tk5_658,前田玄以,village_tk206,village_tk206,village_tk206,town_tk084,town_tk084,town_tk113
lord_tk5_659,前田利家,town_tk080,town_tk080,town_tk084,town_tk084,town_tk055,town_tk056
lord_tk5_660,前田利长,town_tk084,town_tk080,town_tk084,town_tk084,town_tk055,town_tk056
lord_tk5_661,前田利政,town_tk084,town_tk080,town_tk084,town_tk084,town_tk055,town_tk055
lord_tk5_662,前野长康,village_tk206,village_tk206,village_tk206,town_tk096,town_tk127,
lord_tk5_663,前波吉继,town_tk059,town_tk059,town_tk059,,,
lord_tk5_664,真壁氏干,town_tk024,town_tk024,town_tk024,town_tk024,town_tk024,town_tk025
lord_tk5_665,真柄直澄,town_tk059,town_tk059,town_tk059,,,
lord_tk5_666,真柄直隆,town_tk059,town_tk059,town_tk059,,,
lord_tk5_667,正木时茂,town_tk037,town_tk037,town_tk037,,,
lord_tk5_668,正木时忠,town_tk037,town_tk037,town_tk037,town_tk037,,
lord_tk5_669,正木赖忠,town_tk037,town_tk037,town_tk037,town_tk037,town_tk037,town_tk038
lord_tk5_670,增田长盛,village_tk210,village_tk210,village_tk210,town_tk096,town_tk127,town_tk102
lord_tk5_671,益田元祥,town_tk138,town_tk138,town_tk138,town_tk138,town_tk138,town_tk140
lord_tk5_672,松井康之,village_tk212,village_tk212,town_tk105,town_tk084,town_tk109,town_tk109
lord_tk5_673,松井友闲,town_tk080,town_tk080,town_tk084,town_tk084,village_tk215,
lord_tk5_674,松仓重信,town_tk102,town_tk102,town_tk102,town_tk102,town_tk102,
lord_tk5_675,松仓重政,town_tk102,town_tk102,town_tk102,town_tk102,town_tk102,town_tk103
lord_tk5_676,松下加兵卫,town_tk074,town_tk074,town_tk074,town_tk074,town_tk075,
lord_tk5_677,松平忠吉,town_tk072,town_tk077,town_tk077,town_tk074,town_tk074,town_tk041
lord_tk5_678,松田宪秀,town_tk046,town_tk046,town_tk046,town_tk046,town_tk046,
lord_tk5_679,松永久秀,town_tk100,town_tk101,town_tk101,town_tk101,,
lord_tk5_680,松永久通,town_tk100,town_tk101,town_tk101,town_tk101,,
lord_tk5_681,松波义亲,town_tk055,town_tk055,village_tk196,town_tk055,,
lord_tk5_682,角屋七郎次郎,village_tk208,village_tk208,village_tk208,village_tk208,village_tk208,village_tk208
lord_tk5_683,松浦镇信,town_tk162,town_tk162,town_tk162,town_tk162,town_tk162,town_tk162
lord_tk5_684,松浦隆信,town_tk162,town_tk162,town_tk162,town_tk162,town_tk162,town_tk162
lord_tk5_685,曲直濑道三,village_tk212,village_tk212,village_tk212,village_tk212,village_tk212,
lord_tk5_686,丸目长惠,town_tk166,town_tk166,town_tk166,town_tk166,town_tk166,town_tk166
lord_tk5_687,三云成持,town_tk097,town_tk097,village_tk210,town_tk084,town_tk090,town_tk028
lord_tk5_688,御宿勘兵卫,village_tk202,village_tk202,village_tk202,village_tk202,village_tk202,town_tk040
lord_tk5_689,水谷胤重,town_tk023,town_tk023,town_tk023,town_tk023,town_tk023,town_tk023
lord_tk5_690,水野胜成,town_tk072,town_tk077,town_tk077,town_tk074,town_tk074,town_tk167
lord_tk5_691,水野忠重,town_tk072,town_tk077,town_tk077,town_tk074,town_tk074,town_tk041
lord_tk5_692,水野信元,town_tk080,town_tk080,town_tk084,town_tk084,,
lord_tk5_693,沟尾庄兵卫,town_tk084,town_tk059,town_tk084,town_tk098,town_tk106,
lord_tk5_694,沟口秀胜,town_tk080,town_tk080,town_tk084,town_tk084,town_tk097,town_tk050
lord_tk5_695,三刀屋久祐,town_tk122,town_tk122,town_tk122,town_tk122,town_tk122,
lord_tk5_696,三村家亲,town_tk134,town_tk134,,,,
lord_tk5_697,三村元亲,town_tk134,town_tk134,town_tk134,,,
lord_tk5_698,宫部继润,town_tk094,town_tk094,town_tk094,town_tk096,town_tk127,town_tk118
lord_tk5_699,宫本传太夫,castle_tk268,castle_tk268,castle_tk268,castle_tk268,castle_tk268,castle_tk268
lord_tk5_700,宫本武藏,village_tk223,village_tk223,village_tk223,village_tk223,village_tk223,village_tk223
lord_tk5_701,三好笑岩,town_tk111,town_tk111,town_tk149,town_tk149,town_tk112,
lord_tk5_702,三好长治,town_tk149,town_tk149,town_tk149,town_tk149,,
lord_tk5_703,三好长逸,town_tk111,town_tk111,town_tk149,,,
lord_tk5_704,三好长庆,town_tk111,town_tk111,,,,
lord_tk5_705,三好为三,town_tk110,town_tk110,town_tk149,village_tk199,village_tk199,village_tk199
lord_tk5_706,三好宗渭,town_tk110,town_tk110,town_tk149,village_tk199,village_tk199,village_tk200
lord_tk5_707,三好义兴,town_tk111,town_tk111,,,,
lord_tk5_708,三好实休,town_tk149,town_tk149,,,,
lord_tk5_709,三好义继,town_tk111,town_tk111,town_tk111,,,
lord_tk5_710,向井正纲,castle_tk263,castle_tk263,castle_tk263,castle_tk263,castle_tk263,castle_tk262
lord_tk5_711,村井贞胜,town_tk080,town_tk080,town_tk084,town_tk084,town_tk105,
lord_tk5_712,村井长赖,town_tk080,town_tk080,town_tk084,town_tk084,town_tk055,town_tk056
lord_tk5_713,村上国清,town_tk049,town_tk049,town_tk049,town_tk049,town_tk049,town_tk020
lord_tk5_714,村上武吉,castle_tk269,castle_tk269,castle_tk269,castle_tk269,castle_tk269,castle_tk269
lord_tk5_715,村上元吉,castle_tk269,castle_tk269,castle_tk269,castle_tk269,castle_tk269,castle_tk269
lord_tk5_716,村上义清,town_tk049,town_tk049,town_tk049,,,
lord_tk5_717,毛受胜照,town_tk083,town_tk080,town_tk084,town_tk060,town_tk060,
lord_tk5_718,毛利胜永,village_tk205,village_tk205,village_tk205,village_tk205,village_tk205,town_tk169
lord_tk5_719,毛利重能,village_tk216,village_tk216,village_tk216,village_tk216,village_tk216,town_tk113
lord_tk5_720,毛利隆元,town_tk138,town_tk138,,,,
lord_tk5_721,毛利辉元,town_tk138,town_tk138,town_tk138,town_tk138,town_tk138,town_tk140
lord_tk5_722,毛利元就,town_tk138,town_tk138,town_tk138,,,
lord_tk5_723,最上义光,town_tk016,town_tk016,town_tk016,town_tk016,town_tk016,town_tk016
lord_tk5_724,最上义时,town_tk016,town_tk016,town_tk016,,,
lord_tk5_725,最上义守,town_tk016,town_tk016,town_tk016,town_tk016,town_tk016,
lord_tk5_726,望月六郎,village_tk200,village_tk200,village_tk200,village_tk200,village_tk200,village_tk200
lord_tk5_727,本山茂宗,town_tk153,town_tk153,,,,
lord_tk5_728,籾井教业,town_tk107,town_tk107,town_tk107,town_tk107,,
lord_tk5_729,百地三太夫,castle_tk251,castle_tk251,castle_tk251,castle_tk251,castle_tk251,
lord_tk5_730,森下道誉,town_tk118,town_tk118,town_tk118,town_tk118,,
lord_tk5_731,森忠政,town_tk080,town_tk080,town_tk084,town_tk084,town_tk084,town_tk087
lord_tk5_732,母里太兵卫,town_tk127,town_tk127,town_tk127,town_tk127,town_tk127,town_tk168
lord_tk5_733,森长可,town_tk080,town_tk080,town_tk084,town_tk084,town_tk084,
lord_tk5_734,森村春,castle_tk266,castle_tk266,castle_tk266,castle_tk266,castle_tk265,
lord_tk5_735,森可成,town_tk080,town_tk080,town_tk084,,,
lord_tk5_736,森兰丸,town_tk080,town_tk080,town_tk084,town_tk084,town_tk097,
lord_tk5_737,师冈一羽,village_tk187,village_tk187,village_tk190,village_tk187,village_tk187,
lord_tk5_738,问注所统景,town_tk170,town_tk170,town_tk170,town_tk170,town_tk170,
lord_tk5_739,八板金兵卫,village_tk241,village_tk241,village_tk241,village_tk241,village_tk241,village_tk241
lord_tk5_740,柳生石舟斋,village_tk211,village_tk211,village_tk211,village_tk211,village_tk211,village_tk211
lord_tk5_741,柳生兵库助,village_tk211,village_tk211,village_tk211,village_tk211,village_tk211,village_tk211
lord_tk5_742,柳生宗矩,town_tk102,town_tk102,town_tk102,town_tk102,town_tk102,town_tk041
lord_tk5_743,施药院全宗,village_tk212,village_tk212,village_tk212,village_tk210,village_tk210,village_tk212
lord_tk5_744,矢泽赖纲,town_tk062,town_tk062,town_tk062,town_tk062,town_tk062,
lord_tk5_745,矢泽赖康,town_tk062,town_tk062,town_tk062,town_tk062,town_tk062,town_tk062
lord_tk5_746,屋代景赖,town_tk019,town_tk019,town_tk019,town_tk019,town_tk019,town_tk010
lord_tk5_747,安田显元,town_tk049,town_tk064,town_tk064,town_tk049,,
lord_tk5_748,安田长秀,town_tk049,town_tk049,town_tk049,town_tk049,town_tk049,
lord_tk5_749,柳原户兵卫,castle_tk246,castle_tk246,castle_tk246,castle_tk246,castle_tk246,castle_tk246
lord_tk5_750,山县昌景,town_tk069,town_tk069,town_tk069,town_tk069,,
lord_tk5_751,山崎片家,town_tk097,town_tk097,town_tk084,town_tk084,town_tk097,
lord_tk5_752,山崎长德,town_tk059,town_tk059,town_tk059,town_tk098,town_tk106,town_tk056
lord_tk5_753,山田有信,town_tk178,town_tk178,town_tk178,town_tk178,town_tk178,town_tk178
lord_tk5_754,山田长政,village_tk212,village_tk212,village_tk212,village_tk212,village_tk212,village_tk202
lord_tk5_755,山田宗昌,town_tk173,town_tk173,town_tk173,town_tk173,town_tk172,village_tk239
lord_tk5_756,山中鹿介,town_tk121,town_tk121,village_tk220,village_tk212,,
lord_tk5_757,山中俊好,town_tk097,town_tk097,village_tk210,town_tk084,town_tk097,
lord_tk5_758,山名祐丰,town_tk118,town_tk118,town_tk118,town_tk118,,
lord_tk5_759,山名禅高,town_tk118,town_tk118,town_tk118,town_tk118,village_tk218,village_tk218
lord_tk5_760,山内一丰,town_tk080,town_tk080,town_tk084,town_tk084,town_tk097,town_tk075
lord_tk5_761,山本勘助,town_tk069,town_tk069,,,,
lord_tk5_762,汤浅五助,village_tk198,village_tk198,village_tk198,village_tk198,village_tk198,town_tk061
lord_tk5_763,结城晴朝,town_tk040,town_tk040,town_tk040,town_tk040,town_tk040,town_tk040
lord_tk5_764,结城秀康,town_tk077,town_tk077,town_tk077,town_tk074,town_tk074,town_tk040
lord_tk5_765,结城政胜,town_tk040,,,,,
lord_tk5_766,游佐续光,town_tk055,town_tk055,town_tk055,town_tk055,,
lord_tk5_767,由利镰之助,village_tk199,village_tk199,village_tk199,village_tk199,village_tk199,village_tk208
lord_tk5_768,横谷左近,castle_tk249,castle_tk249,castle_tk249,castle_tk249,castle_tk249,castle_tk249
lord_tk5_769,吉江景资,town_tk049,town_tk049,town_tk029,town_tk049,town_tk054,
lord_tk5_770,吉冈宪法,village_tk212,village_tk212,village_tk212,village_tk212,village_tk212,
lord_tk5_771,吉冈清十郎,village_tk212,village_tk212,village_tk212,village_tk212,village_tk212,village_tk212
lord_tk5_772,吉冈传七郎,village_tk212,village_tk212,village_tk212,village_tk212,village_tk212,village_tk212
lord_tk5_773,吉冈长增,town_tk170,town_tk170,town_tk170,,,
lord_tk5_774,吉田重俊,town_tk152,town_tk152,town_tk152,,,
lord_tk5_775,吉田孝赖,town_tk152,town_tk152,town_tk152,,,
lord_tk5_776,吉田政重,town_tk152,town_tk152,town_tk152,town_tk152,town_tk152,town_tk152
lord_tk5_777,吉田康俊,town_tk152,town_tk152,town_tk152,town_tk152,town_tk152,town_tk152
lord_tk5_778,吉弘鉴理,town_tk170,town_tk170,town_tk170,,,
lord_tk5_779,吉见正赖,town_tk124,town_tk138,town_tk138,town_tk138,town_tk138,
lord_tk5_780,世濑藏人,castle_tk246,castle_tk246,castle_tk246,castle_tk246,castle_tk246,castle_tk246
lord_tk5_781,淀屋常安,village_tk216,village_tk216,village_tk216,village_tk216,village_tk216,village_tk216
lord_tk5_782,梁田藤左卫门,village_tk186,village_tk186,village_tk186,village_tk186,village_tk186,village_tk186
lord_tk5_783,依冈左京,town_tk154,town_tk154,town_tk154,town_tk152,town_tk152,
lord_tk5_784,龙造寺家就,town_tk160,town_tk160,town_tk160,town_tk160,town_tk160,
lord_tk5_785,龙造寺隆信,town_tk160,town_tk160,town_tk160,town_tk160,town_tk160,
lord_tk5_786,龙造寺长信,town_tk160,town_tk160,town_tk160,town_tk160,town_tk160,town_tk160
lord_tk5_787,龙造寺信周,town_tk160,town_tk160,town_tk160,town_tk160,town_tk160,town_tk160
lord_tk5_788,龙造寺政家,town_tk160,town_tk160,town_tk160,town_tk160,town_tk160,
lord_tk5_789,留守政景,town_tk019,town_tk019,town_tk019,town_tk019,town_tk019,town_tk010
lord_tk5_790,六角承祯,town_tk097,town_tk097,village_tk210,village_tk211,village_tk211,
lord_tk5_791,六角义治,town_tk097,town_tk097,town_tk069,village_tk211,village_tk211,town_tk113
lord_tk5_792,若林镇兴,castle_tk271,castle_tk271,castle_tk271,castle_tk271,castle_tk271,
lord_tk5_793,胁坂安治,town_tk094,town_tk094,town_tk094,town_tk096,town_tk127,town_tk150
lord_tk5_794,分部光嘉,town_tk091,town_tk091,town_tk090,town_tk091,town_tk090,town_tk090
lord_tk5_795,和田昭为,town_tk024,town_tk024,town_tk024,town_tk024,town_tk024,town_tk025
lord_tk5_796,和田惟政,town_tk098,town_tk105,town_tk114,,,
lord_tk5_797,渡边勘兵卫,village_tk209,village_tk209,village_tk209,village_tk209,village_tk222,town_tk102
lord_tk5_798,渡边守纲,town_tk072,town_tk077,town_tk077,town_tk074,town_tk074,town_tk041
lord_tk5_799,亘理元宗,town_tk019,town_tk019,town_tk019,town_tk019,town_tk019,
lord_tk5_800,上杉宪政,village_tk194,village_tk194,village_tk194,village_tk194,,
lord_tk5_801,武田信虎,village_tk202,village_tk202,village_tk212,,,
lord_tk5_802,大内义隆,,,,,,
lord_tk5_803,织田信秀,,,,,,
lord_tk5_804,松平广忠,,,,,,
lord_tk5_805,平手政秀,,,,,,
lord_tk5_806,九鬼净隆,castle_tk265,,,,,
lord_tk5_807,畠山秋高,town_tk112,town_tk112,town_tk112,,,
lord_tk5_808,赤松晴政,town_tk126,,,,,
lord_tk5_809,少贰冬尚,town_tk159,,,,,
lord_tk5_810,有马义贞,town_tk163,town_tk163,town_tk163,town_tk163,,
lord_tk5_811,大友义鉴,,,,,,
lord_tk5_812,本愿寺证如,,,,,,
lord_tk5_813,大宝寺义增,town_tk018,town_tk018,town_tk018,town_tk018,,
lord_tk5_814,斯波义统,,,,,,
lord_tk5_815,织田信友,,,,,,
lord_tk5_816,细川氏纲,village_tk216,town_tk114,,,,
lord_tk5_817,六角定赖,,,,,,
lord_tk5_818,岛津胜久,village_tk238,village_tk239,village_tk239,,,
lord_tk5_819,筒井顺昭,,,,,,
lord_tk5_820,二阶堂盛义,town_tk022,town_tk022,town_tk022,town_tk022,,
lord_tk5_821,一宫随波斋,town_tk098,town_tk105,town_tk074,,,
lord_tk5_822,有马晴纯,town_tk163,town_tk163,,,,
lord_tk5_823,相良晴广,town_tk166,,,,,
lord_tk5_824,村上吉充,castle_tk269,castle_tk269,castle_tk269,castle_tk269,castle_tk269,castle_tk269
lord_tk5_825,岩间小熊,village_tk190,village_tk187,village_tk187,village_tk187,village_tk187,village_tk192
lord_tk5_826,梶原政景,town_tk042,town_tk042,town_tk027,town_tk024,town_tk024,town_tk025
lord_tk5_827,松永长赖,town_tk106,town_tk101,,,,
lord_tk5_828,毛利秀元,town_tk138,town_tk138,town_tk138,town_tk138,town_tk138,town_tk140
lord_tk5_829,大谷休泊,village_tk189,village_tk189,village_tk189,village_tk189,,
lord_tk5_830,游佐信教,town_tk112,town_tk112,town_tk112,,,
lord_tk5_831,田北绍铁,town_tk170,town_tk170,town_tk170,town_tk170,,
lord_tk5_832,冷泉隆丰,,,,,,
lord_tk5_833,相良武任,,,,,,
lord_tk5_834,饭田兴秀,town_tk141,,,,,
lord_tk5_835,儿玉就方,town_tk138,town_tk138,town_tk136,town_tk136,town_tk136,
lord_tk5_836,白井贤胤,town_tk141,town_tk138,town_tk136,town_tk136,,
lord_tk5_837,织田信光,town_tk080,,,,,
lord_tk5_838,小山田信有,,,,,,
lord_tk5_839,尼子国久,,,,,,
lord_tk5_840,尼子诚久,,,,,,
lord_tk5_841,坂井大膳,village_tk204,,,,,
lord_tk5_842,别所就治,town_tk128,town_tk128,,,,
lord_tk5_843,志道广良,town_tk138,,,,,
lord_tk5_844,锅岛清房,town_tk160,town_tk160,,,,
lord_tk5_845,神屋绍策,village_tk233,village_tk233,,,,
lord_tk5_846,内藤兴盛,,,,,,
lord_tk5_847,岛津实久,town_tk179,,,,,
lord_tk5_848,井上元兼,,,,,,
lord_tk5_849,津田宗达,village_tk215,village_tk215,,,,
lord_tk5_850,阿苏惟丰,town_tk164,,,,,
lord_tk5_851,津田算长,castle_tk254,castle_tk254,,,,
lord_tk5_852,杉重矩,,,,,,
lord_tk5_853,城井长房,town_tk168,town_tk168,town_tk168,town_tk168,town_tk168,
lord_tk5_854,葛西晴胤,,,,,,
lord_tk5_855,江上武种,town_tk159,town_tk160,town_tk160,,,
lord_tk5_856,佐伯惟教,town_tk172,town_tk172,town_tk172,town_tk172,,
lord_tk5_857,宇久玄雅,castle_tk272,castle_tk272,castle_tk272,castle_tk272,castle_tk272,castle_tk272
lord_tk5_858,二木重高,town_tk069,town_tk066,town_tk066,town_tk066,town_tk066,
lord_tk5_859,高田又兵卫,village_tk211,village_tk211,village_tk211,village_tk211,village_tk211,village_tk211
lord_tk5_860,大宝寺义兴,town_tk018,town_tk018,town_tk018,town_tk018,town_tk018,
lord_tk5_861,大野治房,town_tk080,town_tk080,town_tk084,town_tk084,town_tk097,town_tk113
lord_tk5_862,水原亲宪,town_tk049,town_tk049,town_tk049,town_tk049,town_tk049,town_tk020
lord_tk5_863,津轻信枚,town_tk001,town_tk001,town_tk001,town_tk001,town_tk001,town_tk001
lord_tk5_864,小山田茂诚,town_tk069,town_tk069,town_tk069,town_tk069,town_tk069,town_tk062
lord_tk5_865,十时连贞,town_tk170,town_tk170,town_tk170,town_tk156,town_tk156,town_tk158
lord_tk5_866,井伊直孝,town_tk077,town_tk077,town_tk077,town_tk074,town_tk074,town_tk035
lord_tk5_867,片仓重长,town_tk019,town_tk019,town_tk019,town_tk019,town_tk019,town_tk010
lord_tk5_868,成田长亲,town_tk044,town_tk044,town_tk044,town_tk044,town_tk044,village_tk205
lord_tk5_869,最上家亲,town_tk016,town_tk016,town_tk016,town_tk016,town_tk016,town_tk016
lord_tk5_870,上田重安,town_tk080,town_tk080,town_tk080,town_tk095,town_tk095,town_tk113
lord_tk5_871,小梁川宗朝,town_tk019,town_tk019,,,,
lord_tk5_872,大国实赖,town_tk049,town_tk049,town_tk049,town_tk049,town_tk049,town_tk019
lord_tk5_873,梅津政景,town_tk024,town_tk024,town_tk024,town_tk024,town_tk024,town_tk025
lord_tk5_874,三渊藤英,town_tk098,town_tk105,town_tk105,,,
lord_tk5_875,本多政重,town_tk077,town_tk077,town_tk077,town_tk074,town_tk074,town_tk041
lord_tk5_876,栗山善助,town_tk127,town_tk127,town_tk127,town_tk127,town_tk127,town_tk168
lord_tk5_877,多贺谷政广,town_tk040,town_tk040,town_tk040,town_tk040,town_tk040,
lord_tk5_878,土岐为赖,town_tk037,town_tk037,town_tk037,town_tk037,town_tk037,
lord_tk5_879,舞兵库,village_tk205,village_tk205,village_tk205,village_tk205,village_tk205,village_tk205
lord_tk5_880,山上道及,town_tk035,town_tk035,town_tk049,town_tk049,town_tk049,town_tk020
lord_tk5_881,蜂须贺至镇,village_tk206,village_tk206,village_tk206,village_tk206,village_tk206,village_tk206
lord_tk5_882,真田信尹,town_tk062,town_tk062,town_tk062,town_tk062,town_tk062,town_tk062
lord_tk5_883,伊东满所,town_tk173,town_tk173,town_tk173,town_tk173,village_tk230,village_tk230
lord_tk5_884,宫部长房,town_tk094,town_tk094,town_tk094,town_tk096,town_tk096,town_tk118
lord_tk5_885,朝比奈信置,town_tk072,town_tk072,town_tk074,town_tk069,town_tk069,
lord_tk5_886,金森可重,town_tk080,town_tk080,town_tk084,town_tk084,town_tk097,town_tk041
lord_tk5_887,斯波义银,village_tk212,village_tk212,village_tk212,village_tk212,village_tk212,village_tk212
lord_tk5_888,毛利秀赖,town_tk080,town_tk080,town_tk084,town_tk084,town_tk097,
lord_tk5_889,津川义冬,town_tk080,town_tk080,town_tk084,town_tk084,town_tk097,
lord_tk5_890,留守显宗,town_tk019,town_tk019,town_tk019,town_tk019,town_tk019,
lord_tk5_891,原长赖,town_tk083,town_tk080,town_tk084,town_tk060,town_tk060,town_tk113
lord_tk5_892,平塚为广,village_tk206,village_tk206,village_tk206,village_tk206,village_tk206,village_tk206
lord_tk5_893,妻木广忠,town_tk084,town_tk059,town_tk084,town_tk098,town_tk106,
lord_tk5_894,鸟屋尾满荣,town_tk091,town_tk091,town_tk091,town_tk091,,
lord_tk5_895,野村直隆,town_tk094,town_tk094,town_tk094,town_tk096,town_tk127,town_tk113
lord_tk5_896,土居清良,town_tk147,town_tk147,town_tk147,town_tk147,town_tk147,village_tk238
lord_tk5_897,岛津忠直,village_tk199,village_tk199,village_tk199,village_tk199,village_tk199,village_tk199
lord_tk5_898,一柳直末,village_tk216,village_tk216,village_tk216,village_tk216,village_tk216,
lord_tk5_899,三木直赖,,,,,,
lord_tk5_900,杉浦玄任,town_tk113,town_tk113,town_tk113,town_tk113,,
lord_tk5_901,色部显长,town_tk049,town_tk049,town_tk049,town_tk049,town_tk049,
lord_tk5_902,中条藤资,town_tk049,town_tk049,town_tk049,,,
lord_tk5_903,江上家种,town_tk160,town_tk160,town_tk160,town_tk160,town_tk160,
lord_tk5_904,甘粕景继,town_tk049,town_tk049,town_tk049,town_tk049,town_tk049,town_tk020
lord_tk5_905,安田作兵卫,town_tk059,town_tk059,town_tk059,town_tk098,town_tk106,
lord_tk5_906,河野通直,town_tk145,town_tk145,town_tk145,,,
lord_tk5_907,姊小路良赖,town_tk089,town_tk089,town_tk089,,,
lord_tk5_908,竹中久作,town_tk086,town_tk086,town_tk084,town_tk096,town_tk127,
lord_tk5_909,阿闭贞征,town_tk094,town_tk094,town_tk094,town_tk084,town_tk097,
lord_tk5_910,森田净云,village_tk211,village_tk211,village_tk211,village_tk211,,
lord_tk5_911,熊谷元直,town_tk138,town_tk138,town_tk138,town_tk138,town_tk138,town_tk140
lord_tk5_912,明智光安,town_tk084,,,,,
lord_tk5_913,别所重栋,town_tk128,town_tk128,town_tk128,town_tk128,town_tk097,
lord_tk5_914,小川佑忠,town_tk059,town_tk059,town_tk084,town_tk098,town_tk106,town_tk113
lord_tk5_915,吉弘镇信,town_tk170,town_tk170,town_tk170,town_tk170,,
lord_tk5_916,佃十成,town_tk080,town_tk080,town_tk084,town_tk084,town_tk097,village_tk216
lord_tk5_917,大谷吉治,village_tk210,village_tk210,village_tk210,village_tk210,village_tk210,village_tk210
lord_tk5_918,有马丰氏,village_tk222,village_tk222,village_tk222,village_tk222,village_tk222,village_tk222
lord_tk5_919,神代胜利,village_tk235,village_tk235,,,,
lord_tk5_920,赤星统家,town_tk160,town_tk160,town_tk160,town_tk160,town_tk160,town_tk178
lord_tk5_921,伊集院忠朗,town_tk178,town_tk178,,,,
lord_tk5_922,桦山久高,town_tk178,town_tk178,town_tk178,town_tk178,town_tk178,town_tk178
lord_tk5_923,藤田信吉,town_tk046,town_tk046,town_tk046,town_tk046,town_tk046,town_tk020
lord_tk5_924,间宫康俊,castle_tk262,castle_tk262,castle_tk262,castle_tk262,castle_tk262,
lord_tk5_925,由布惟信,town_tk170,town_tk170,town_tk170,town_tk156,town_tk156,town_tk158
lord_tk5_926,小滨光隆,castle_tk263,castle_tk263,castle_tk263,castle_tk263,castle_tk263,village_tk202
lord_tk5_927,天草四郎,,,,,,
lord_tk5_928,船越景直,castle_tk266,castle_tk266,castle_tk266,castle_tk266,town_tk127,town_tk041
lord_tk5_929,伊达小次郎,town_tk019,town_tk019,town_tk019,town_tk019,town_tk019,
lord_tk5_930,金光文右卫门,castle_tk270,castle_tk270,castle_tk270,castle_tk270,castle_tk270,castle_tk270
lord_tk5_931,友野宗善,village_tk202,village_tk202,village_tk202,village_tk202,village_tk202,village_tk202
lord_tk5_932,多米元忠,town_tk046,town_tk046,town_tk046,town_tk046,town_tk046,
lord_tk5_933,宇野源十郎,village_tk193,village_tk193,village_tk193,village_tk193,village_tk193,village_tk193
lord_tk5_934,津田宗凡,village_tk215,village_tk215,village_tk215,village_tk215,village_tk215,village_tk215
lord_tk5_935,末次平藏,village_tk233,village_tk233,village_tk233,village_tk233,village_tk233,village_tk233
lord_tk5_936,甘粕景持,town_tk049,town_tk049,town_tk049,town_tk049,town_tk049,town_tk020
lord_tk5_937,山崎吉家,town_tk059,town_tk059,town_tk059,,,
lord_tk5_938,唐泽玄蕃,castle_tk249,castle_tk249,castle_tk249,castle_tk249,castle_tk249,castle_tk249
lord_tk5_939,植田光次,castle_tk251,castle_tk251,castle_tk251,castle_tk251,castle_tk251,
lord_tk5_940,大林坊俊海,castle_tk246,castle_tk246,castle_tk246,castle_tk246,castle_tk246,castle_tk246
lord_tk5_941,内田托马,village_tk238,village_tk238,village_tk238,village_tk238,village_tk238,village_tk238
lord_tk5_942,奥弥兵卫,village_tk188,village_tk188,village_tk188,village_tk188,village_tk188,village_tk188
lord_tk5_943,秦泉寺丰后,town_tk152,town_tk152,,,,
lord_tk5_944,后藤宗印,village_tk235,village_tk235,village_tk235,village_tk235,village_tk235,village_tk235
lord_tk5_945,爱洲元香斋,village_tk187,village_tk187,village_tk187,village_tk187,village_tk187,
lord_tk5_946,上泉泰纲,village_tk189,village_tk189,village_tk189,village_tk189,village_tk189,village_tk189
lord_tk5_947,濑户方久,village_tk203,village_tk203,village_tk203,village_tk203,village_tk203,village_tk203
lord_tk5_948,苏我理右卫门,village_tk216,village_tk216,village_tk216,village_tk216,village_tk216,village_tk216
lord_tk5_949,松下常庆,village_tk203,village_tk203,village_tk203,village_tk203,village_tk203,village_tk203
lord_tk5_950,曲直濑玄朔,village_tk212,village_tk212,village_tk212,village_tk212,village_tk212,village_tk212
lord_tk5_951,三枝昌贞,town_tk069,town_tk069,town_tk069,town_tk069,,
lord_tk5_952,石田正澄,village_tk209,village_tk209,village_tk209,town_tk096,town_tk127,town_tk113
lord_tk5_953,一柳直盛,village_tk216,village_tk216,village_tk216,village_tk216,village_tk216,village_tk216
lord_tk5_954,驹井高白斋,town_tk069,town_tk069,,,,
lord_tk5_955,镰田政年,town_tk178,town_tk178,town_tk178,town_tk178,town_tk178,
lord_tk5_956,清水景治,town_tk138,town_tk138,town_tk138,town_tk135,town_tk135,town_tk140
lord_tk5_957,千千石米格尔,town_tk161,town_tk161,town_tk161,town_tk161,town_tk161,village_tk235
lord_tk5_958,弥助,village_tk212,village_tk212,village_tk212,village_tk212,village_tk212,village_tk241
lord_tk5_959,三浦按针,village_tk238,village_tk238,village_tk238,village_tk238,village_tk238,village_tk238
lord_tk5_1160,海雷丁,castle_tk273,castle_tk273,castle_tk273,castle_tk273,castle_tk273,castle_tk273
lord_tk5_1161,佐伯杏太郎,castle_tk273,castle_tk273,castle_tk273,castle_tk273,castle_tk273,castle_tk273
lord_tk5_1162,长谷川宗仁,,,,,,
lord_tk5_1163,长谷川等伯,,,,,,
lord_tk5_1164,狩野永德,,,,,,
lord_tk5_1165,本阿弥光悦,,,,,,
lord_tk5_1166,朝山日乘,,,,,,
lord_tk5_1167,快川绍喜,,,,,,
lord_tk5_1168,多闻院英俊,,,,,,
lord_tk5_1169,泽庵宗彭,,,,,,
lord_tk5_1170,佛罗伊斯,,,,,,
lord_tk5_1171,阿鲁梅达,,,,,,
lord_tk5_1172,里璐,castle_tk273,castle_tk273,castle_tk273,castle_tk273,castle_tk273,castle_tk273
lord_tk5_1173,拉斐耶鲁,castle_tk273,castle_tk273,castle_tk273,castle_tk273,castle_tk273,castle_tk273
lord_tk5_1174,菊亭晴季,,,,,,
lord_tk5_1178,淀夫人,,,,,,
lord_tk5_1179,宁宁,,,,,,
lord_tk5_1180,阿中,,,,,,
lord_tk5_1181,阿市,,,,,,
lord_tk5_1182,阿松,,,,,,
lord_tk5_1183,菊公主,,,,,,
lord_tk5_1184,早川夫人,,,,,,
lord_tk5_1185,相模,,,,,,
lord_tk5_1186,阿福,,,,,,
lord_tk5_1187,冬姬,,,,,,
lord_tk5_1188,阿梅,,,,,,
lord_tk5_1189,訚千代,,,,,,
lord_tk5_1190,爱姬,,,,,,
lord_tk5_1191,义姬,,,,,,
lord_tk5_1192,豪姬,,,,,,
lord_tk5_1193,阿玉,,,,,,
lord_tk5_1194,归蝶,,,,,,
lord_tk5_1195,濑名,,,,,,
lord_tk5_1196,德公主,,,,,,
lord_tk5_1197,千代,,,,,,
lord_tk5_1198,小松,,,,,,
lord_tk5_1199,安岐,,,,,,
lord_tk5_1200,三条,,,,,,
lord_tk5_1201,初姬,,,,,,
lord_tk5_1202,小督,,,,,,
lord_tk5_1203,彦鹤,,,,,,
lord_tk5_1204,永姬,,,,,,
lord_tk5_1205,熙子,,,,,,
lord_tk5_1206,幸圆,,,,,,
lord_tk5_1207,春桃,,,,,,
lord_tk5_1208,出云阿国,,,,,,
lord_tk5_1209,志津,,,,,,
lord_tk5_1210,阿妙,,,,,,
lord_tk5_1211,阿铃,,,,,,
lord_tk5_1212,阿通,,,,,,
lord_tk5_1213,阿春,,,,,,
lord_tk5_1214,小夜,,,,,,
lord_tk5_1215,阿绫,,,,,,
lord_tk5_1216,阿夏,,,,,,
lord_tk5_1217,阿史,,,,,,
lord_tk5_1218,由纪,,,,,,
lord_tk5_1219,小琴,,,,,,
lord_tk5_1220,美代,,,,,,
lord_tk5_1221,阿仲,,,,,,
lord_tk5_1225,南光坊天海,,,,,,
lord_tk5_1226,天室光育,,,,,,
lord_tk5_1227,虎哉宗乙,,,,,,
lord_tk5_1228,海北友松,,,,,,
lord_tk5_1229,岭,,,,,,
lord_tk5_1230,千岁,,,,,,
lord_tk5_1231,蝴蝶,,,,,,
lord_tk5_1232,白枧,,,,,,
lord_tk5_1233,新庄,,,,,,
lord_tk5_1234,山手,,,,,,
lord_tk5_1235,照姬,,,,,,
lord_tk5_1236,南姫,,,,,,
lord_tk5_1237,九郎判官义经,,,,,,
lord_tk5_1238,相马小次郎将门,,,,,,
lord_tk5_1240,吾作,,,,,,
lord_tk5_1242,李华梅,castle_tk273,castle_tk273,castle_tk273,castle_tk273,castle_tk273,castle_tk273
lord_tk5_1243,蒂雅,castle_tk273,castle_tk273,castle_tk273,castle_tk273,castle_tk273,castle_tk273
lord_tk5_1289,老奶奶,,,,,,
lord_tk5_ninja_bunkichi,文吉,,,,,castle_tk251,castle_tk255
lord_tk5_ninja_chiyomatsu,千代松,,castle_tk246,castle_tk251,castle_tk251,,
lord_tk5_ninja_choukichi,长吉,,castle_tk253,,,castle_tk255,
lord_tk5_ninja_chuuzan,中三,castle_tk249,castle_tk255,castle_tk251,,castle_tk250,
lord_tk5_ninja_dankuroo,段九郎,,,,castle_tk257,castle_tk257,castle_tk257
lord_tk5_ninja_denrinboo,传林坊,castle_tk252,castle_tk257,,castle_tk250,castle_tk257,
lord_tk5_ninja_denroku,传六,castle_tk249,,,castle_tk246,,castle_tk255
lord_tk5_ninja_dooami,道阿弥,castle_tk248,,castle_tk254,castle_tk248,,
lord_tk5_ninja_dookan,道闲,castle_tk252,castle_tk252,castle_tk252,,,
lord_tk5_ninja_dooken,道贤,,,,castle_tk250,castle_tk257,castle_tk246
lord_tk5_ninja_dooyu,道由,,castle_tk254,castle_tk254,,,castle_tk247
lord_tk5_ninja_fubuki,吹雪,,,,castle_tk249,castle_tk249,castle_tk249
lord_tk5_ninja_fujima,藤马,castle_tk246,castle_tk254,castle_tk254,,castle_tk247,
lord_tk5_ninja_ganbaku,岩蓦,castle_tk253,castle_tk251,,castle_tk257,,
lord_tk5_ninja_gekinosuke,外记之助,castle_tk246,,,castle_tk257,castle_tk257,castle_tk251
lord_tk5_ninja_gendayuu,源太夫,castle_tk257,castle_tk257,castle_tk257,,,
lord_tk5_ninja_gengo,源吾,castle_tk254,,,castle_tk257,,castle_tk252
lord_tk5_ninja_gengobee,源五兵卫,,,castle_tk248,castle_tk254,castle_tk253,castle_tk248
lord_tk5_ninja_gennami,源阿弥,,castle_tk248,castle_tk248,,castle_tk251,
lord_tk5_ninja_gennojo,玄之丞,,castle_tk253,castle_tk248,castle_tk246,,
lord_tk5_ninja_gennyoosai,幻妖斋,castle_tk257,,,castle_tk252,castle_tk254,castle_tk254
lord_tk5_ninja_genryuu,玄龙,,,castle_tk252,castle_tk248,,castle_tk247
lord_tk5_ninja_gensai,玄斋,castle_tk248,castle_tk248,castle_tk248,,,
lord_tk5_ninja_ginhachiroo,银八郎,castle_tk249,,,castle_tk246,castle_tk255,castle_tk246
lord_tk5_ninja_hakuunsai,白云斋,,,,,,castle_tk253
lord_tk5_ninja_hannyamaru,般若丸,castle_tk257,castle_tk256,,castle_tk253,,
lord_tk5_ninja_hikojuu,彦十,castle_tk254,castle_tk249,,castle_tk255,castle_tk251,
lord_tk5_ninja_hikoshichiroo,彦七郎,castle_tk250,,castle_tk255,,castle_tk246,castle_tk249
lord_tk5_ninja_hokkaiboo,法海坊,castle_tk248,,castle_tk255,castle_tk252,,castle_tk254
lord_tk5_ninja_hyakkimaru,百鬼丸,castle_tk247,,castle_tk255,,,castle_tk255
lord_tk5_ninja_ichiwaka,一若,castle_tk256,castle_tk257,,castle_tk252,castle_tk248,
lord_tk5_ninja_ichizoo,一藏,castle_tk256,,castle_tk246,,,castle_tk252
lord_tk5_ninja_ikkaku,一角,,castle_tk257,,castle_tk256,castle_tk257,
lord_tk5_ninja_isaku,伊作,,castle_tk255,castle_tk246,castle_tk251,castle_tk254,
lord_tk5_ninja_iseo,伊势男,,,,castle_tk251,castle_tk255,castle_tk247
lord_tk5_ninja_ishimatsu,石松,castle_tk253,castle_tk255,,castle_tk253,,
lord_tk5_ninja_izoji,伊三次,castle_tk250,castle_tk256,castle_tk246,,,
lord_tk5_ninja_jinnai,甚内,,castle_tk251,castle_tk253,castle_tk253,castle_tk252,
lord_tk5_ninja_jinpachi,仁八,,,castle_tk256,,castle_tk252,castle_tk251
lord_tk5_ninja_jinroku,甚六,castle_tk252,castle_tk252,castle_tk253,castle_tk255,,
lord_tk5_ninja_jinza,甚左,castle_tk254,castle_tk253,castle_tk253,,,
lord_tk5_ninja_juuhei,十平,,castle_tk256,,,castle_tk250,
lord_tk5_ninja_kaede,枫,castle_tk249,castle_tk249,castle_tk249,,,
lord_tk5_ninja_kajisuke,梶助,castle_tk255,castle_tk252,,,castle_tk248,
lord_tk5_ninja_kakuma,觉马,castle_tk252,,castle_tk249,castle_tk254,,
lord_tk5_ninja_kanroku,勘六,,castle_tk248,,,castle_tk249,
lord_tk5_ninja_kikunosuke,菊之助,castle_tk250,castle_tk255,castle_tk249,castle_tk249,,
lord_tk5_ninja_koan,弘庵,,,castle_tk252,,,castle_tk251
lord_tk5_ninja_kogoroo,小五郎,,,,castle_tk250,castle_tk252,castle_tk249
lord_tk5_ninja_kumanosuke,熊之助,castle_tk257,,castle_tk249,,,
lord_tk5_ninja_magosaku,孙作,castle_tk253,castle_tk250,,,castle_tk254,
lord_tk5_ninja_manhei,万平,,castle_tk246,castle_tk256,,,
lord_tk5_ninja_mansaku,满作,,castle_tk250,,castle_tk256,castle_tk251,
lord_tk5_ninja_masasuke,正助,castle_tk247,,,,castle_tk250,castle_tk253
lord_tk5_ninja_meigaku,明岳,castle_tk251,,,,,castle_tk254
lord_tk5_ninja_miyamon,宫门,,,castle_tk248,castle_tk255,,castle_tk249
lord_tk5_ninja_momiji,红叶,,,,castle_tk246,castle_tk246,castle_tk246
lord_tk5_ninja_mutenboo,无天坊,castle_tk255,castle_tk254,,,castle_tk246,
lord_tk5_ninja_nakahachi,中八,castle_tk247,,castle_tk251,castle_tk250,,castle_tk251
lord_tk5_ninja_naonosuke,尚之助,castle_tk253,,castle_tk256,,,castle_tk251
lord_tk5_ninja_natsume,枣,castle_tk246,castle_tk246,castle_tk246,,,
lord_tk5_ninja_nijuuhachi,二十八,,castle_tk247,,castle_tk247,castle_tk252,
lord_tk5_ninja_osamusuke,修助,,,castle_tk250,castle_tk249,,castle_tk246
lord_tk5_ninja_raisuke,雷助,,castle_tk257,,castle_tk256,castle_tk248,
lord_tk5_ninja_rokuheita,六平太,castle_tk248,,,castle_tk248,,castle_tk252
lord_tk5_ninja_rokurooji,六郎次,castle_tk250,castle_tk250,castle_tk250,castle_tk250,castle_tk250,
lord_tk5_ninja_rokusuke,六助,,castle_tk250,castle_tk247,,,
lord_tk5_ninja_ryuugen,隆玄,,,,,,castle_tk250
lord_tk5_ninja_saburooza,三郎左,castle_tk251,,,castle_tk248,castle_tk253,
lord_tk5_ninja_sadakuroo,定九郎,castle_tk250,castle_tk248,castle_tk250,castle_tk248,,
lord_tk5_ninja_saheiji,佐平次,,castle_tk251,castle_tk250,,castle_tk246,
lord_tk5_ninja_sanai,左内,,castle_tk253,,,castle_tk249,
lord_tk5_ninja_sanjiroo,三次郎,castle_tk247,castle_tk247,castle_tk247,castle_tk247,,
lord_tk5_ninja_sashichi,佐七,,castle_tk249,castle_tk252,,castle_tk247,
lord_tk5_ninja_sazen,左膳,,,,castle_tk254,castle_tk248,castle_tk251
lord_tk5_ninja_senshikiboo,泉识坊,castle_tk254,castle_tk254,castle_tk253,,,castle_tk254
lord_tk5_ninja_shiroobee,四郎兵卫,,,,,,castle_tk256
lord_tk5_ninja_shizuma,静马,castle_tk251,,castle_tk250,castle_tk251,,castle_tk247
lord_tk5_ninja_shunkai,俊海,,,,,castle_tk247,castle_tk247
lord_tk5_ninja_shuramaru,修罗丸,castle_tk256,,castle_tk253,,castle_tk253,castle_tk250
lord_tk5_ninja_soonoshin,惣之进,,castle_tk257,,castle_tk253,castle_tk251,
lord_tk5_ninja_tairaji,平次,,,castle_tk255,,castle_tk250,castle_tk255
lord_tk5_ninja_tairaza,平左,,castle_tk247,,castle_tk254,castle_tk254,
lord_tk5_ninja_tamon,多门,,,,castle_tk252,castle_tk252,castle_tk252
lord_tk5_ninja_taroomatsu,太郎松,castle_tk253,castle_tk256,castle_tk251,,castle_tk246,
lord_tk5_ninja_tarooza,太郎左,castle_tk255,,castle_tk251,,castle_tk247,
lord_tk5_ninja_tatewaki,带刀,castle_tk255,,,castle_tk249,,castle_tk257
lord_tk5_ninja_tengen,天元,,,castle_tk254,,castle_tk249,castle_tk253
lord_tk5_ninja_tobishichi,鸢七,,castle_tk249,,castle_tk251,castle_tk253,
lord_tk5_ninja_ukichi,卯吉,,castle_tk250,,,,
lord_tk5_ninja_yagenji,弥源次,,castle_tk249,,castle_tk247,castle_tk248,
lord_tk5_ninja_yanagisai,柳斋,,,,,,castle_tk248
lord_tk5_ninja_yasaburoo,弥三郎,castle_tk256,castle_tk256,castle_tk256,castle_tk256,,
lord_tk5_ninja_yasokichi,八十吉,castle_tk251,,castle_tk257,,castle_tk254,castle_tk257
lord_tk5_ninja_yasubee,安兵卫,castle_tk248,castle_tk251,castle_tk257,,castle_tk249,
lord_tk5_ninja_yazoo,弥藏,,,castle_tk257,castle_tk255,,castle_tk254
lord_tk5_ninja_yogoroo,余五郎,castle_tk246,,castle_tk247,,,castle_tk253
lord_tk5_ninja_yoichi,余市,,castle_tk252,castle_tk247,castle_tk247,castle_tk253,
lord_tk5_ninja_yumenosuke,梦之助,castle_tk251,,,castle_tk253,,castle_tk255
lord_tk5_pirate_benzoo,弁藏,castle_tk268,castle_tk261,,castle_tk268,,
lord_tk5_pirate_chougoroo,长五郎,,castle_tk263,,castle_tk265,,
lord_tk5_pirate_choujiroo,长次郎,castle_tk272,,castle_tk268,castle_tk265,,
lord_tk5_pirate_chousaburoo,长三郎,castle_tk270,castle_tk266,castle_tk263,,,
lord_tk5_pirate_chousuke,长助,,castle_tk264,,,castle_tk273,
lord_tk5_pirate_daihachi,大八,,,,castle_tk268,castle_tk268,castle_tk268
lord_tk5_pirate_daimaru,大丸,castle_tk271,castle_tk261,,,castle_tk272,
lord_tk5_pirate_denhachiroo,传八郎,,,castle_tk262,,castle_tk261,castle_tk265
lord_tk5_pirate_densuke,传助,,castle_tk271,,,castle_tk272,
lord_tk5_pirate_dookuu,道空,castle_tk271,,,castle_tk265,,
lord_tk5_pirate_eishichi,英七,castle_tk269,,,,castle_tk263,castle_tk269
lord_tk5_pirate_enkichi,圆吉,castle_tk258,,,,,castle_tk273
lord_tk5_pirate_fujiji,藤次,castle_tk262,,,,castle_tk270,castle_tk265
lord_tk5_pirate_fujimatsu,富士松,castle_tk265,,,,castle_tk268,castle_tk261
lord_tk5_pirate_fusataroo,房太郎,,,castle_tk264,castle_tk272,,castle_tk266
lord_tk5_pirate_gennai,源内,,castle_tk265,,,,
lord_tk5_pirate_ginbee,银兵卫,castle_tk262,,,castle_tk263,,castle_tk258
lord_tk5_pirate_gisuke,仪助,,castle_tk270,,castle_tk261,castle_tk270,
lord_tk5_pirate_gonbee,权兵卫,castle_tk265,castle_tk271,,,castle_tk261,
lord_tk5_pirate_gonpachi,权八,castle_tk268,,castle_tk266,,,castle_tk261
lord_tk5_pirate_gonshichiroo,权七郎,,castle_tk258,,castle_tk272,castle_tk263,
lord_tk5_pirate_gunbee,军兵卫,,,,,,castle_tk273
lord_tk5_pirate_gundari,军荼利,,,,castle_tk262,,castle_tk273
lord_tk5_pirate_hachiroo,八郎,castle_tk266,castle_tk261,,castle_tk266,,
lord_tk5_pirate_hachitaroo,八太郎,castle_tk270,,,castle_tk266,,castle_tk272
lord_tk5_pirate_hachizaemon,八左卫门,,castle_tk266,castle_tk273,,castle_tk263,
lord_tk5_pirate_hansaburoo,半三郎,castle_tk273,castle_tk273,castle_tk273,castle_tk273,castle_tk273,
lord_tk5_pirate_hayashizoo,林藏,,castle_tk264,,castle_tk264,castle_tk262,
lord_tk5_pirate_hayato,隼人,,castle_tk269,castle_tk263,,castle_tk265,
lord_tk5_pirate_heita,平太,,castle_tk261,,,castle_tk271,
lord_tk5_pirate_hisadayuu,久太夫,,castle_tk271,castle_tk265,castle_tk265,,
lord_tk5_pirate_hyakuhei,百平,castle_tk263,,,castle_tk268,,castle_tk266
lord_tk5_pirate_hyouta,兵太,castle_tk266,castle_tk268,,,castle_tk261,
lord_tk5_pirate_ikkan,一贯,castle_tk261,,castle_tk272,,castle_tk265,castle_tk269
lord_tk5_pirate_isaburoo,猪三郎,,castle_tk268,castle_tk270,,castle_tk270,
lord_tk5_pirate_jibee,治兵卫,castle_tk264,castle_tk269,,castle_tk266,,
lord_tk5_pirate_jingobee,甚五兵卫,,,,,,castle_tk270
lord_tk5_pirate_jisuke,治助,,,castle_tk263,castle_tk263,,castle_tk266
lord_tk5_pirate_juudayuu,十太夫,,,,,,castle_tk272
lord_tk5_pirate_kageyu,勘解由,,,castle_tk261,,castle_tk269,castle_tk265
lord_tk5_pirate_kameshichi,龟七,castle_tk264,,castle_tk264,,,castle_tk266
lord_tk5_pirate_kanji,贯次,,,castle_tk272,castle_tk258,castle_tk268,castle_tk265
lord_tk5_pirate_kenkichi,谦吉,castle_tk271,,castle_tk273,,,castle_tk262
lord_tk5_pirate_kichijiroo,吉次郎,castle_tk269,,castle_tk272,,,castle_tk272
lord_tk5_pirate_kinzaemon,金左卫门,,castle_tk263,,,castle_tk273,
lord_tk5_pirate_kisanta,喜三太,castle_tk265,castle_tk265,,castle_tk270,,
lord_tk5_pirate_kobee,小兵卫,castle_tk273,,,castle_tk268,,castle_tk268
lord_tk5_pirate_kochuuta,小忠太,castle_tk268,,castle_tk266,,,
lord_tk5_pirate_kogenta,小源太,castle_tk262,,,castle_tk273,,castle_tk265
lord_tk5_pirate_kojuuroo,小十郎,castle_tk261,castle_tk270,,,castle_tk272,
lord_tk5_pirate_kokichi,小吉,,castle_tk268,castle_tk258,castle_tk258,castle_tk268,
lord_tk5_pirate_koo,甲,,,castle_tk269,castle_tk269,castle_tk270,castle_tk269
lord_tk5_pirate_koshiroo,小四郎,,,castle_tk271,castle_tk273,,castle_tk258
lord_tk5_pirate_kuroobee,九郎兵卫,,castle_tk266,castle_tk273,,castle_tk269,
lord_tk5_pirate_magobee,孙兵卫,castle_tk267,castle_tk267,castle_tk267,castle_tk267,castle_tk264,
lord_tk5_pirate_magoshichi,孙七,castle_tk261,,castle_tk270,,,castle_tk268
lord_tk5_pirate_manchiyo,万千代,,,,castle_tk263,castle_tk264,castle_tk261
lord_tk5_pirate_manosuke,马之助,,castle_tk264,castle_tk261,castle_tk261,,
lord_tk5_pirate_masahei,正平,,,castle_tk266,castle_tk262,,castle_tk258
lord_tk5_pirate_matahachi,又八,,castle_tk262,,castle_tk269,castle_tk258,
lord_tk5_pirate_matasuke,又助,,castle_tk273,castle_tk268,,castle_tk265,
lord_tk5_pirate_mitsudayuu,光太夫,castle_tk268,,castle_tk271,,,castle_tk270
lord_tk5_pirate_mochiyo,百千代,castle_tk258,,castle_tk258,,,castle_tk273
lord_tk5_pirate_onishichi,鬼七,castle_tk261,,castle_tk262,,,castle_tk270
lord_tk5_pirate_rikimaru,力丸,,castle_tk262,castle_tk262,castle_tk263,,
lord_tk5_pirate_rikiya,力弥,,castle_tk273,,,castle_tk264,
lord_tk5_pirate_saburoota,三郎太,,,,castle_tk269,castle_tk269,castle_tk262
lord_tk5_pirate_saichi,佐市,,,castle_tk269,castle_tk261,,castle_tk266
lord_tk5_pirate_sakonjiroo,左近次郎,castle_tk263,,,,castle_tk264,castle_tk258
lord_tk5_pirate_sanezoo,实三,castle_tk271,,,,castle_tk265,castle_tk264
lord_tk5_pirate_sanhei,三平,,castle_tk268,,castle_tk271,,
lord_tk5_pirate_sanosuke,佐之助,castle_tk262,,castle_tk270,,,castle_tk262
lord_tk5_pirate_sanshiroo,三四郎,,,,,,castle_tk271
lord_tk5_pirate_sendayuu,仙太夫,castle_tk270,,castle_tk264,,,castle_tk268
lord_tk5_pirate_senzaemon,仙左卫门,castle_tk258,castle_tk258,castle_tk258,castle_tk258,castle_tk258,
lord_tk5_pirate_shingoroo,新五郎,castle_tk272,castle_tk270,castle_tk261,,,
lord_tk5_pirate_shinhei,晋平,castle_tk269,,,castle_tk270,,
lord_tk5_pirate_shinpachi,新八,,castle_tk258,castle_tk270,,castle_tk262,
lord_tk5_pirate_shinshichi,新七,,,castle_tk271,,castle_tk273,castle_tk269
lord_tk5_pirate_shookuroo,庄九郎,,,,castle_tk271,castle_tk272,castle_tk268
lord_tk5_pirate_soohachiroo,惣八郎,,,,,,castle_tk258
lord_tk5_pirate_sooichiroo,总一郎,,,castle_tk266,,castle_tk268,castle_tk262
lord_tk5_pirate_tadabee,忠兵卫,castle_tk272,,,,castle_tk262,
lord_tk5_pirate_tadaya,忠弥,,,castle_tk269,castle_tk270,,castle_tk264
lord_tk5_pirate_tairama,平马,,castle_tk265,castle_tk268,castle_tk273,,
lord_tk5_pirate_tairashiroo,平四郎,,castle_tk273,,castle_tk271,castle_tk262,
lord_tk5_pirate_tairazoo,平藏,castle_tk264,castle_tk258,,,castle_tk269,
lord_tk5_pirate_takeshizoo,刚藏,,,castle_tk261,castle_tk261,,castle_tk272
lord_tk5_pirate_taki,泷,castle_tk272,castle_tk272,,,,
lord_tk5_pirate_tamegoroo,为五郎,,castle_tk272,castle_tk265,castle_tk266,,
lord_tk5_pirate_tameuemon,为右卫门,,,,,castle_tk271,castle_tk262
lord_tk5_pirate_tatsugoroo,辰五郎,castle_tk259,castle_tk259,castle_tk259,castle_tk259,castle_tk259,
lord_tk5_pirate_tazu,多津,,,castle_tk272,castle_tk272,castle_tk272,castle_tk272
lord_tk5_pirate_teizoo,祯三,castle_tk270,castle_tk272,castle_tk265,,,
lord_tk5_pirate_torachiyo,虎千代,,,castle_tk268,,castle_tk258,castle_tk264
lord_tk5_pirate_torazoo,寅藏,castle_tk265,castle_tk269,,castle_tk270,,
lord_tk5_pirate_tsunagoroo,纲五郎,castle_tk273,,castle_tk263,,,castle_tk270
lord_tk5_pirate_tsuru,鹤,castle_tk269,castle_tk269,,,,
lord_tk5_pirate_tsuruchiyo,鹤千代,castle_tk273,castle_tk262,,castle_tk271,,
lord_tk5_pirate_tsurukichi,鹤吉,,,,castle_tk262,castle_tk265,castle_tk261
lord_tk5_pirate_ushibee,丑兵卫,castle_tk266,castle_tk270,,castle_tk262,,
lord_tk5_pirate_ushigoroo,丑五郎,,,,,,castle_tk264
lord_tk5_pirate_yaichi,弥市,,,castle_tk269,,,castle_tk263
lord_tk5_pirate_yajibee,弥次兵卫,,,castle_tk271,,castle_tk263,castle_tk264
lord_tk5_pirate_yajiroo,弥二郎,castle_tk263,castle_tk271,castle_tk265,,,
lord_tk5_pirate_yakichi,弥吉,,castle_tk272,,,castle_tk269,
lord_tk5_pirate_yashakichi,夜叉吉,,,,castle_tk264,castle_tk271,castle_tk273
lord_tk5_pirate_yosoji,与三次,,castle_tk265,,castle_tk269,castle_tk271,
lord_tk5_pirate_zensuke,善辅,castle_tk266,,castle_tk262,castle_tk264,,castle_tk270
lord_tk5_pirate_zenzoo,善藏,castle_tk263,castle_tk265,,castle_tk272,castle_tk261,
lord_tk5_trader_choutaroo,长太郎,,,,village_tk205,village_tk193,village_tk185
lord_tk5_trader_chouzaemon,长左卫门,,,village_tk185,village_tk226,,village_tk186
lord_tk5_trader_daizoo,大藏,,,village_tk233,,village_tk215,village_tk222
lord_tk5_trader_fujigoroo,藤五郎,village_tk215,village_tk212,,,village_tk216,
lord_tk5_trader_ginjiroo,银次郎,village_tk208,,village_tk215,,,village_tk212
lord_tk5_trader_gobee,五兵卫,,village_tk233,village_tk212,village_tk233,,
lord_tk5_trader_gongoroo,权五郎,village_tk214,,,village_tk201,,village_tk212
lord_tk5_trader_gonnosuke,权之助,,,village_tk194,,village_tk212,village_tk222
lord_tk5_trader_hansuke,半助,,village_tk233,village_tk205,,village_tk215,
lord_tk5_trader_hanuemon,半右卫门,village_tk212,,,village_tk222,,village_tk208
lord_tk5_trader_hatsuuemon,初右卫门,,,,,village_tk233,village_tk212
lord_tk5_trader_hayashitaroo,林太郎,village_tk205,,,,,village_tk216
lord_tk5_trader_hikoma,彦马,,village_tk186,village_tk201,,,
lord_tk5_trader_ichinosuke,市之允,village_tk233,village_tk226,,,village_tk186,
lord_tk5_trader_inejiroo,稻次郎,village_tk193,,village_tk214,,,village_tk210
lord_tk5_trader_jinuemon,仁右卫门,village_tk193,village_tk205,village_tk215,,village_tk228,
lord_tk5_trader_jirookichi,次郎吉,village_tk222,village_tk198,,,village_tk226,
lord_tk5_trader_junnosuke,准之介,village_tk201,,,,village_tk216,village_tk210
lord_tk5_trader_juumaru,十丸,,,village_tk233,village_tk222,,village_tk232
lord_tk5_trader_kakubee,角兵卫,village_tk233,village_tk202,village_tk201,village_tk215,,
lord_tk5_trader_kametaroo,龟太郎,village_tk194,village_tk212,,village_tk210,,
lord_tk5_trader_kandayuu,勘太夫,,village_tk194,village_tk215,village_tk208,,
lord_tk5_trader_kanichiroo,贯一郎,village_tk194,,village_tk208,,village_tk226,village_tk222
lord_tk5_trader_kankichi,勘吉,village_tk208,village_tk201,,village_tk208,,
lord_tk5_trader_kanpachi,勘八,village_tk214,,village_tk215,,,village_tk185
lord_tk5_trader_kansaburoo,宽三郎,,village_tk222,village_tk233,,village_tk216,
lord_tk5_trader_kanuemon,勘右卫门,,village_tk193,,village_tk212,village_tk198,
lord_tk5_trader_katsuzoo,胜藏,,village_tk222,,,village_tk233,
lord_tk5_trader_kazusuke,和助,village_tk212,,,village_tk193,,village_tk198
lord_tk5_trader_kichibee,吉兵卫,,village_tk202,,village_tk215,village_tk215,
lord_tk5_trader_kikuta,闻太,,,village_tk193,,village_tk198,village_tk228
lord_tk5_trader_kingoroo,金五郎,,village_tk212,,,village_tk216,
lord_tk5_trader_kinnosuke,金之助,,village_tk215,,village_tk201,village_tk232,
lord_tk5_trader_kinshiroo,金四郎,,,village_tk215,village_tk186,,village_tk198
lord_tk5_trader_kisuke,喜助,village_tk212,village_tk222,,village_tk215,,
lord_tk5_trader_kiyobee,清兵卫,,village_tk226,,,village_tk233,
lord_tk5_trader_kiyokuroo,清九郎,,village_tk215,village_tk222,village_tk228,,
lord_tk5_trader_koganeji,小金次,,,village_tk193,village_tk198,,village_tk233
lord_tk5_trader_koheiji,小平次,village_tk226,village_tk222,,,village_tk186,
lord_tk5_trader_komashiroo,驹四郎,village_tk202,,,village_tk212,village_tk210,village_tk212
lord_tk5_trader_koosaku,幸作,village_tk186,,village_tk186,village_tk186,,village_tk214
lord_tk5_trader_koyata,小弥太,village_tk194,,village_tk228,,,village_tk232
lord_tk5_trader_kubee,九兵卫,village_tk215,village_tk185,,village_tk214,,
lord_tk5_trader_kumakichi,熊吉,,village_tk215,village_tk201,village_tk222,,
lord_tk5_trader_kuninosuke,国之辅,village_tk226,,village_tk226,,,village_tk233
lord_tk5_trader_kurosuke,黑助,,,,village_tk215,,village_tk214
lord_tk5_trader_kyuusaburoo,鸠三郎,,village_tk205,village_tk215,,village_tk186,
lord_tk5_trader_magoshiroo,孙四郎,,village_tk228,village_tk205,,village_tk216,
lord_tk5_trader_magouemon,孙右卫门,,,,,village_tk232,village_tk210
lord_tk5_trader_manjiroo,万次郎,,,village_tk233,village_tk185,,village_tk208
lord_tk5_trader_matanojo,又之丞,village_tk214,,,,village_tk214,village_tk198
lord_tk5_trader_matashiroo,又四郎,village_tk212,village_tk205,,village_tk193,,
lord_tk5_trader_matsushichiroo,松七郎,,,village_tk193,,village_tk185,village_tk232
lord_tk5_trader_minekichi,峰吉,village_tk226,village_tk186,village_tk198,,,
lord_tk5_trader_minezoo,峰藏,,,,village_tk205,village_tk215,village_tk232
lord_tk5_trader_osamubee,理兵卫,,,village_tk194,village_tk201,,village_tk212
lord_tk5_trader_rihachi,利八,,village_tk215,village_tk214,,village_tk228,
lord_tk5_trader_rokuroobee,六郎兵卫,,,village_tk212,village_tk233,village_tk214,village_tk215
lord_tk5_trader_rokuzaemon,六左卫门,,village_tk208,village_tk222,village_tk193,,
lord_tk5_trader_saburoobee,三郎兵卫,village_tk202,,,village_tk228,,village_tk198
lord_tk5_trader_sachikichi,幸吉,village_tk215,,,,village_tk233,village_tk222
lord_tk5_trader_sadakichi,贞吉,,village_tk201,village_tk194,,village_tk212,
lord_tk5_trader_saikuroo,才九郎,village_tk193,,village_tk226,village_tk212,,village_tk214
lord_tk5_trader_saishichi,才七,,,,village_tk205,village_tk233,village_tk216
lord_tk5_trader_sakubee,作兵卫,village_tk228,village_tk214,,village_tk233,,
lord_tk5_trader_sakutaroo,作太郎,,,village_tk202,,,village_tk216
lord_tk5_trader_sanhei,三平,,,,,,village_tk215
lord_tk5_trader_sebee,濑兵卫,village_tk186,village_tk193,,village_tk226,,
lord_tk5_trader_senji,专次,,village_tk208,,,village_tk185,
lord_tk5_trader_senzoo,仙造,,village_tk233,,village_tk208,,
lord_tk5_trader_shichiroobee,七郎兵卫,village_tk205,village_tk226,,,,
lord_tk5_trader_shigebee,茂兵卫,village_tk202,village_tk205,,,village_tk208,
lord_tk5_trader_shigesaburoo,茂三郎,village_tk186,,,,village_tk214,village_tk212
lord_tk5_trader_shinbee,新兵卫,,village_tk208,,village_tk233,village_tk205,
lord_tk5_trader_shinjuuroo,新十郎,,,village_tk226,village_tk228,,village_tk186
lord_tk5_trader_shinnosuke,新之助,,,,village_tk233,,village_tk186
lord_tk5_trader_shinsuke,新助,,village_tk228,village_tk212,,village_tk212,
lord_tk5_trader_shinuemon,新右卫门,village_tk205,village_tk215,village_tk186,,,
lord_tk5_trader_shinzaemon,新左卫门,,,,village_tk186,,village_tk215
lord_tk5_trader_shuuhei,周平,,village_tk215,village_tk186,,village_tk232,
lord_tk5_trader_sooji,惣次,village_tk214,village_tk201,village_tk198,,,
lord_tk5_trader_sukegoroo,助五郎,village_tk222,,,village_tk185,,village_tk208
lord_tk5_trader_sukejiroo,助二郎,village_tk233,village_tk226,,,village_tk205,
lord_tk5_trader_sukeroku,助六,village_tk215,,,,village_tk215,village_tk216
lord_tk5_trader_sukesaburoo,助三郎,village_tk222,village_tk185,,village_tk212,,
lord_tk5_trader_tairabee,平兵卫,,,village_tk222,,village_tk212,village_tk216
lord_tk5_trader_tairahachiroo,平八郎,village_tk201,,village_tk228,,,village_tk185
lord_tk5_trader_tairasuke,平助,,village_tk233,,village_tk226,village_tk212,
lord_tk5_trader_takezoo,竹藏,,village_tk193,,,village_tk228,
lord_tk5_trader_tamanosuke,玉之助,,,,,village_tk185,village_tk228
lord_tk5_trader_tamasaburoo,玉三郎,village_tk205,,village_tk202,village_tk194,,village_tk216
lord_tk5_trader_tanzaemon,丹左卫门,,,village_tk212,,village_tk193,village_tk210
lord_tk5_trader_tatsunosuke,辰之助,village_tk215,village_tk202,village_tk214,,,
lord_tk5_trader_tetsujiroo,铁次郎,,,,,,village_tk233
lord_tk5_trader_tetsutaroo,铁太郎,village_tk228,,village_tk205,village_tk198,,
lord_tk5_trader_tokuzoo,德藏,village_tk228,village_tk194,,,,
lord_tk5_trader_tomekichi,留吉,village_tk193,,village_tk215,,,village_tk214
lord_tk5_trader_tomimatsu,富松,,village_tk186,,,village_tk216,
lord_tk5_trader_tomisuke,富助,,,,village_tk215,,village_tk186
lord_tk5_trader_torajiroo,虎次郎,,,village_tk185,,village_tk226,village_tk228
lord_tk5_trader_torakichi,寅吉,village_tk186,village_tk186,,village_tk194,,
lord_tk5_trader_toshisaburoo,利三郎,village_tk228,,,village_tk215,,village_tk216
lord_tk5_trader_ukichi,卯吉,,,,,,village_tk185
lord_tk5_trader_umekichi,梅吉,village_tk215,village_tk194,,village_tk214,village_tk212,
lord_tk5_trader_ushimatsu,丑松,,village_tk214,village_tk233,village_tk194,,
lord_tk5_trader_uuemon,宇右卫门,,,,village_tk198,village_tk208,village_tk208
lord_tk5_trader_xe413bee,兵卫,,village_tk194,village_tk228,village_tk214,,
lord_tk5_trader_xe413uemon,右卫门,village_tk215,,,,village_tk205,village_tk212
lord_tk5_trader_yasujiroo,安二郎,village_tk233,,,,village_tk208,village_tk233
lord_tk5_trader_yasukichi,安吉,village_tk215,village_tk201,village_tk202,,,
lord_tk5_trader_yasuzoo,安藏,,village_tk215,,village_tk212,village_tk233,
lord_tk5_trader_yazaemon,弥左卫门,,,village_tk198,village_tk185,,village_tk212
lord_tk5_trader_yobee,与兵卫,village_tk194,,village_tk233,,,village_tk228
lord_tk5_trader_yoheiji,与平次,,,village_tk185,,village_tk198,village_tk215
lord_tk5_trader_yosaburoo,与三郎,,village_tk215,village_tk208,,village_tk193,
lord_tk5_trader_yoshibee,义兵卫,village_tk201,village_tk228,village_tk208,,,
lord_tk5_trader_yoshichiroo,与七郎,village_tk208,village_tk198,,village_tk212,,
lord_tk5_trader_yoshiuemon,嘉右卫门,,village_tk212,,,village_tk210,
lord_tk5_trader_zenpachi,善八,village_tk208,,,village_tk233,,village_tk216
lord_tk5_trader_zenuemon,善右卫门,,village_tk208,,village_tk210,village_tk215,
