StringId,stage,tkid,bustupSprite,miniheadSprite
lord_tk5_0,,0,lwnprof_bustup_0,lwnprof_mini_0
lord_tk5_1,,1,lwnprof_bustup_1,lwnprof_mini_1
lord_tk5_2,,2,lwnprof_bustup_2,lwnprof_mini_2
lord_tk5_3,,3,lwnprof_bustup_3,lwnprof_mini_3
lord_tk5_4,,4,lwnprof_bustup_4,lwnprof_mini_4
lord_tk5_5,,5,lwnprof_bustup_5,lwnprof_mini_5
lord_tk5_6,,6,lwnprof_bustup_6,lwnprof_mini_6
lord_tk5_7,,7,lwnprof_bustup_7,lwnprof_mini_7
lord_tk5_8,,8,lwnprof_bustup_8,lwnprof_mini_8
lord_tk5_9,,9,lwnprof_bustup_9,lwnprof_mini_9
lord_tk5_10,,10,lwnprof_bustup_10,lwnprof_mini_10
lord_tk5_11,,11,lwnprof_bustup_11,lwnprof_mini_11
lord_tk5_12,,12,lwnprof_bustup_12,lwnprof_mini_12
lord_tk5_13,,13,lwnprof_bustup_13,lwnprof_mini_13
lord_tk5_14,军,14,lwnprof_bustup_14,lwnprof_mini_14
lord_tk5_15,,15,lwnprof_bustup_15,lwnprof_mini_15
lord_tk5_16,,16,lwnprof_bustup_16,lwnprof_mini_16
lord_tk5_17,,17,lwnprof_bustup_17,lwnprof_mini_17
lord_tk5_18,,18,lwnprof_bustup_18,lwnprof_mini_18
lord_tk5_19,,19,lwnprof_bustup_19,lwnprof_mini_19
lord_tk5_20,,20,lwnprof_bustup_20,lwnprof_mini_20
lord_tk5_21,,21,lwnprof_bustup_21,lwnprof_mini_21
lord_tk5_22,,22,lwnprof_bustup_22,lwnprof_mini_22
lord_tk5_23,,23,lwnprof_bustup_23,lwnprof_mini_23
lord_tk5_24,,24,lwnprof_bustup_24,lwnprof_mini_24
lord_tk5_25,,25,lwnprof_bustup_25,lwnprof_mini_25
lord_tk5_26,,26,lwnprof_bustup_26,lwnprof_mini_26
lord_tk5_27,,27,lwnprof_bustup_27,lwnprof_mini_27
lord_tk5_28,,28,lwnprof_bustup_28,lwnprof_mini_28
lord_tk5_29,,29,lwnprof_bustup_29,lwnprof_mini_29
lord_tk5_30,,30,lwnprof_bustup_30,lwnprof_mini_30
lord_tk5_31,,31,lwnprof_bustup_31,lwnprof_mini_31
lord_tk5_32,,32,lwnprof_bustup_32,lwnprof_mini_32
lord_tk5_33,,33,lwnprof_bustup_33,lwnprof_mini_33
lord_tk5_34,,34,lwnprof_bustup_34,lwnprof_mini_34
lord_tk5_35,,35,lwnprof_bustup_35,lwnprof_mini_35
lord_tk5_36,,36,lwnprof_bustup_36,lwnprof_mini_36
lord_tk5_37,,37,lwnprof_bustup_37,lwnprof_mini_37
lord_tk5_38,,38,lwnprof_bustup_38,lwnprof_mini_38
lord_tk5_39,,39,lwnprof_bustup_39,lwnprof_mini_39
lord_tk5_40,,40,lwnprof_bustup_40,lwnprof_mini_40
lord_tk5_41,,41,lwnprof_bustup_41,lwnprof_mini_41
lord_tk5_42,,42,lwnprof_bustup_42,lwnprof_mini_42
lord_tk5_43,,43,lwnprof_bustup_43,lwnprof_mini_43
lord_tk5_44,,44,lwnprof_bustup_44,lwnprof_mini_44
lord_tk5_45,,45,lwnprof_bustup_45,lwnprof_mini_45
lord_tk5_46,,46,lwnprof_bustup_46,lwnprof_mini_46
lord_tk5_47,,47,lwnprof_bustup_47,lwnprof_mini_47
lord_tk5_48,,48,lwnprof_bustup_48,lwnprof_mini_48
lord_tk5_49,,49,lwnprof_bustup_49,lwnprof_mini_49
lord_tk5_50,,50,lwnprof_bustup_50,lwnprof_mini_50
lord_tk5_51,,51,lwnprof_bustup_51,lwnprof_mini_51
lord_tk5_52,,52,lwnprof_bustup_52,lwnprof_mini_52
lord_tk5_53,,53,lwnprof_bustup_53,lwnprof_mini_53
lord_tk5_54,,54,lwnprof_bustup_54,lwnprof_mini_54
lord_tk5_55,,55,lwnprof_bustup_55,lwnprof_mini_55
lord_tk5_56,,56,lwnprof_bustup_56,lwnprof_mini_56
lord_tk5_57,,57,lwnprof_bustup_57,lwnprof_mini_57
lord_tk5_58,,58,lwnprof_bustup_58,lwnprof_mini_58
lord_tk5_59,,59,lwnprof_bustup_59,lwnprof_mini_59
lord_tk5_60,,60,lwnprof_bustup_60,lwnprof_mini_60
lord_tk5_61,,61,lwnprof_bustup_61,lwnprof_mini_61
lord_tk5_62,,62,lwnprof_bustup_62,lwnprof_mini_62
lord_tk5_63,,63,lwnprof_bustup_63,lwnprof_mini_63
lord_tk5_64,,64,lwnprof_bustup_64,lwnprof_mini_64
lord_tk5_65,,65,lwnprof_bustup_65,lwnprof_mini_65
lord_tk5_66,,66,lwnprof_bustup_66,lwnprof_mini_66
lord_tk5_67,,67,lwnprof_bustup_67,lwnprof_mini_67
lord_tk5_68,,68,lwnprof_bustup_68,lwnprof_mini_68
lord_tk5_69,,69,lwnprof_bustup_69,lwnprof_mini_69
lord_tk5_70,,70,lwnprof_bustup_70,lwnprof_mini_70
lord_tk5_71,,71,lwnprof_bustup_71,lwnprof_mini_71
lord_tk5_72,,72,lwnprof_bustup_72,lwnprof_mini_72
lord_tk5_73,,73,lwnprof_bustup_73,lwnprof_mini_73
lord_tk5_74,,74,lwnprof_bustup_74,lwnprof_mini_74
lord_tk5_75,奉行,75,lwnprof_bustup_75,lwnprof_mini_75
lord_tk5_76,,76,lwnprof_bustup_76,lwnprof_mini_76
lord_tk5_77,,77,lwnprof_bustup_77,lwnprof_mini_77
lord_tk5_78,,78,lwnprof_bustup_78,lwnprof_mini_78
lord_tk5_79,,79,lwnprof_bustup_79,lwnprof_mini_79
lord_tk5_80,,80,lwnprof_bustup_80,lwnprof_mini_80
lord_tk5_81,,81,lwnprof_bustup_81,lwnprof_mini_81
lord_tk5_82,,82,lwnprof_bustup_82,lwnprof_mini_82
lord_tk5_83,,83,lwnprof_bustup_83,lwnprof_mini_83
lord_tk5_84,,84,lwnprof_bustup_84,lwnprof_mini_84
lord_tk5_85,,85,lwnprof_bustup_85,lwnprof_mini_85
lord_tk5_86,,86,lwnprof_bustup_86,lwnprof_mini_86
lord_tk5_87,,87,lwnprof_bustup_87,lwnprof_mini_87
lord_tk5_88,,88,lwnprof_bustup_88,lwnprof_mini_88
lord_tk5_89,,89,lwnprof_bustup_89,lwnprof_mini_89
lord_tk5_90,,90,lwnprof_bustup_90,lwnprof_mini_90
lord_tk5_91,,91,lwnprof_bustup_91,lwnprof_mini_91
lord_tk5_92,,92,lwnprof_bustup_92,lwnprof_mini_92
lord_tk5_93,,93,lwnprof_bustup_93,lwnprof_mini_93
lord_tk5_94,,94,lwnprof_bustup_94,lwnprof_mini_94
lord_tk5_95,,95,lwnprof_bustup_95,lwnprof_mini_95
lord_tk5_96,,96,lwnprof_bustup_96,lwnprof_mini_96
lord_tk5_97,,97,lwnprof_bustup_97,lwnprof_mini_97
lord_tk5_98,,98,lwnprof_bustup_98,lwnprof_mini_98
lord_tk5_99,,99,lwnprof_bustup_99,lwnprof_mini_99
lord_tk5_100,,100,lwnprof_bustup_100,lwnprof_mini_100
lord_tk5_101,,101,lwnprof_bustup_101,lwnprof_mini_101
lord_tk5_102,,102,lwnprof_bustup_102,lwnprof_mini_102
lord_tk5_103,,103,lwnprof_bustup_103,lwnprof_mini_103
lord_tk5_104,,104,lwnprof_bustup_104,lwnprof_mini_104
lord_tk5_105,,105,lwnprof_bustup_105,lwnprof_mini_105
lord_tk5_106,,106,lwnprof_bustup_106,lwnprof_mini_106
lord_tk5_107,,107,lwnprof_bustup_107,lwnprof_mini_107
lord_tk5_108,,108,lwnprof_bustup_108,lwnprof_mini_108
lord_tk5_109,,109,lwnprof_bustup_109,lwnprof_mini_109
lord_tk5_110,,110,lwnprof_bustup_110,lwnprof_mini_110
lord_tk5_111,,111,lwnprof_bustup_111,lwnprof_mini_111
lord_tk5_112,,112,lwnprof_bustup_112,lwnprof_mini_112
lord_tk5_113,,113,lwnprof_bustup_113,lwnprof_mini_113
lord_tk5_114,,114,lwnprof_bustup_114,lwnprof_mini_114
lord_tk5_115,,115,lwnprof_bustup_115,lwnprof_mini_115
lord_tk5_116,,116,lwnprof_bustup_116,lwnprof_mini_116
lord_tk5_117,,117,lwnprof_bustup_117,lwnprof_mini_117
lord_tk5_118,,118,lwnprof_bustup_118,lwnprof_mini_118
lord_tk5_119,,119,lwnprof_bustup_119,lwnprof_mini_119
lord_tk5_120,,120,lwnprof_bustup_120,lwnprof_mini_120
lord_tk5_121,,121,lwnprof_bustup_121,lwnprof_mini_121
lord_tk5_122,,122,lwnprof_bustup_122,lwnprof_mini_122
lord_tk5_123,,123,lwnprof_bustup_123,lwnprof_mini_123
lord_tk5_124,,124,lwnprof_bustup_124,lwnprof_mini_124
lord_tk5_125,,125,lwnprof_bustup_125,lwnprof_mini_125
lord_tk5_126,,126,lwnprof_bustup_126,lwnprof_mini_126
lord_tk5_127,,127,lwnprof_bustup_127,lwnprof_mini_127
lord_tk5_128,,128,lwnprof_bustup_128,lwnprof_mini_128
lord_tk5_129,,129,lwnprof_bustup_129,lwnprof_mini_129
lord_tk5_130,,130,lwnprof_bustup_130,lwnprof_mini_130
lord_tk5_131,,131,lwnprof_bustup_131,lwnprof_mini_131
lord_tk5_132,,132,lwnprof_bustup_132,lwnprof_mini_132
lord_tk5_133,,133,lwnprof_bustup_133,lwnprof_mini_133
lord_tk5_134,,134,lwnprof_bustup_134,lwnprof_mini_134
lord_tk5_135,,135,lwnprof_bustup_135,lwnprof_mini_135
lord_tk5_136,,136,lwnprof_bustup_136,lwnprof_mini_136
lord_tk5_137,,137,lwnprof_bustup_137,lwnprof_mini_137
lord_tk5_138,,138,lwnprof_bustup_138,lwnprof_mini_138
lord_tk5_139,,139,lwnprof_bustup_139,lwnprof_mini_139
lord_tk5_140,,140,lwnprof_bustup_140,lwnprof_mini_140
lord_tk5_141,,141,lwnprof_bustup_141,lwnprof_mini_141
lord_tk5_142,,142,lwnprof_bustup_142,lwnprof_mini_142
lord_tk5_143,,143,lwnprof_bustup_143,lwnprof_mini_143
lord_tk5_144,,144,lwnprof_bustup_144,lwnprof_mini_144
lord_tk5_145,,145,lwnprof_bustup_145,lwnprof_mini_145
lord_tk5_146,,146,lwnprof_bustup_146,lwnprof_mini_146
lord_tk5_147,,147,lwnprof_bustup_147,lwnprof_mini_147
lord_tk5_148,,148,lwnprof_bustup_148,lwnprof_mini_148
lord_tk5_149,,149,lwnprof_bustup_149,lwnprof_mini_149
lord_tk5_150,,150,lwnprof_bustup_150,lwnprof_mini_150
lord_tk5_151,,151,lwnprof_bustup_151,lwnprof_mini_151
lord_tk5_152,,152,lwnprof_bustup_152,lwnprof_mini_152
lord_tk5_153,,153,lwnprof_bustup_153,lwnprof_mini_153
lord_tk5_154,,154,lwnprof_bustup_154,lwnprof_mini_154
lord_tk5_155,,155,lwnprof_bustup_155,lwnprof_mini_155
lord_tk5_156,,156,lwnprof_bustup_156,lwnprof_mini_156
lord_tk5_157,,157,lwnprof_bustup_157,lwnprof_mini_157
lord_tk5_158,,158,lwnprof_bustup_158,lwnprof_mini_158
lord_tk5_159,,159,lwnprof_bustup_159,lwnprof_mini_159
lord_tk5_160,,160,lwnprof_bustup_160,lwnprof_mini_160
lord_tk5_161,,161,lwnprof_bustup_161,lwnprof_mini_161
lord_tk5_162,,162,lwnprof_bustup_162,lwnprof_mini_162
lord_tk5_163,,163,lwnprof_bustup_163,lwnprof_mini_163
lord_tk5_164,,164,lwnprof_bustup_164,lwnprof_mini_164
lord_tk5_165,,165,lwnprof_bustup_165,lwnprof_mini_165
lord_tk5_166,,166,lwnprof_bustup_166,lwnprof_mini_166
lord_tk5_167,,167,lwnprof_bustup_167,lwnprof_mini_167
lord_tk5_168,,168,lwnprof_bustup_168,lwnprof_mini_168
lord_tk5_169,,169,lwnprof_bustup_169,lwnprof_mini_169
lord_tk5_170,,170,lwnprof_bustup_170,lwnprof_mini_170
lord_tk5_171,,171,lwnprof_bustup_171,lwnprof_mini_171
lord_tk5_172,,172,lwnprof_bustup_172,lwnprof_mini_172
lord_tk5_173,,173,lwnprof_bustup_173,lwnprof_mini_173
lord_tk5_174,,174,lwnprof_bustup_174,lwnprof_mini_174
lord_tk5_175,,175,lwnprof_bustup_175,lwnprof_mini_175
lord_tk5_176,,176,lwnprof_bustup_176,lwnprof_mini_176
lord_tk5_177,,177,lwnprof_bustup_177,lwnprof_mini_177
lord_tk5_178,,178,lwnprof_bustup_178,lwnprof_mini_178
lord_tk5_179,,179,lwnprof_bustup_179,lwnprof_mini_179
lord_tk5_180,,180,lwnprof_bustup_180,lwnprof_mini_180
lord_tk5_181,,181,lwnprof_bustup_181,lwnprof_mini_181
lord_tk5_182,,182,lwnprof_bustup_182,lwnprof_mini_182
lord_tk5_183,,183,lwnprof_bustup_183,lwnprof_mini_183
lord_tk5_184,,184,lwnprof_bustup_184,lwnprof_mini_184
lord_tk5_185,,185,lwnprof_bustup_185,lwnprof_mini_185
lord_tk5_186,,186,lwnprof_bustup_186,lwnprof_mini_186
lord_tk5_187,,187,lwnprof_bustup_187,lwnprof_mini_187
lord_tk5_188,,188,lwnprof_bustup_188,lwnprof_mini_188
lord_tk5_189,,189,lwnprof_bustup_189,lwnprof_mini_189
lord_tk5_190,,190,lwnprof_bustup_190,lwnprof_mini_190
lord_tk5_191,,191,lwnprof_bustup_191,lwnprof_mini_191
lord_tk5_192,,192,lwnprof_bustup_192,lwnprof_mini_192
lord_tk5_193,,193,lwnprof_bustup_193,lwnprof_mini_193
lord_tk5_194,,194,lwnprof_bustup_194,lwnprof_mini_194
lord_tk5_195,上洛,195,lwnprof_bustup_195,lwnprof_mini_195
lord_tk5_196,,196,lwnprof_bustup_196,lwnprof_mini_196
lord_tk5_197,,197,lwnprof_bustup_197,lwnprof_mini_197
lord_tk5_198,,198,lwnprof_bustup_198,lwnprof_mini_198
lord_tk5_199,,199,lwnprof_bustup_199,lwnprof_mini_199
lord_tk5_200,,200,lwnprof_bustup_200,lwnprof_mini_200
lord_tk5_201,,201,lwnprof_bustup_201,lwnprof_mini_201
lord_tk5_202,,202,lwnprof_bustup_202,lwnprof_mini_202
lord_tk5_203,,203,lwnprof_bustup_203,lwnprof_mini_203
lord_tk5_204,,204,lwnprof_bustup_204,lwnprof_mini_204
lord_tk5_205,,205,lwnprof_bustup_205,lwnprof_mini_205
lord_tk5_206,,206,lwnprof_bustup_206,lwnprof_mini_206
lord_tk5_207,,207,lwnprof_bustup_207,lwnprof_mini_207
lord_tk5_208,,208,lwnprof_bustup_208,lwnprof_mini_208
lord_tk5_209,,209,lwnprof_bustup_209,lwnprof_mini_209
lord_tk5_210,,210,lwnprof_bustup_210,lwnprof_mini_210
lord_tk5_211,,211,lwnprof_bustup_211,lwnprof_mini_211
lord_tk5_212,,212,lwnprof_bustup_212,lwnprof_mini_212
lord_tk5_213,,213,lwnprof_bustup_213,lwnprof_mini_213
lord_tk5_214,,214,lwnprof_bustup_214,lwnprof_mini_214
lord_tk5_215,,215,lwnprof_bustup_215,lwnprof_mini_215
lord_tk5_216,,216,lwnprof_bustup_216,lwnprof_mini_216
lord_tk5_217,,217,lwnprof_bustup_217,lwnprof_mini_217
lord_tk5_218,,218,lwnprof_bustup_218,lwnprof_mini_218
lord_tk5_219,,219,lwnprof_bustup_219,lwnprof_mini_219
lord_tk5_220,,220,lwnprof_bustup_220,lwnprof_mini_220
lord_tk5_221,,221,lwnprof_bustup_221,lwnprof_mini_221
lord_tk5_222,,222,lwnprof_bustup_222,lwnprof_mini_222
lord_tk5_223,,223,lwnprof_bustup_223,lwnprof_mini_223
lord_tk5_224,,224,lwnprof_bustup_224,lwnprof_mini_224
lord_tk5_225,,225,lwnprof_bustup_225,lwnprof_mini_225
lord_tk5_226,,226,lwnprof_bustup_226,lwnprof_mini_226
lord_tk5_227,,227,lwnprof_bustup_227,lwnprof_mini_227
lord_tk5_228,,228,lwnprof_bustup_228,lwnprof_mini_228
lord_tk5_229,,229,lwnprof_bustup_229,lwnprof_mini_229
lord_tk5_230,文,230,lwnprof_bustup_230,lwnprof_mini_230
lord_tk5_231,,231,lwnprof_bustup_231,lwnprof_mini_231
lord_tk5_232,,232,lwnprof_bustup_232,lwnprof_mini_232
lord_tk5_233,,233,lwnprof_bustup_233,lwnprof_mini_233
lord_tk5_234,,234,lwnprof_bustup_234,lwnprof_mini_234
lord_tk5_235,,235,lwnprof_bustup_235,lwnprof_mini_235
lord_tk5_236,,236,lwnprof_bustup_236,lwnprof_mini_236
lord_tk5_237,,237,lwnprof_bustup_237,lwnprof_mini_237
lord_tk5_238,,238,lwnprof_bustup_238,lwnprof_mini_238
lord_tk5_239,,239,lwnprof_bustup_239,lwnprof_mini_239
lord_tk5_240,军,240,lwnprof_bustup_240,lwnprof_mini_240
lord_tk5_241,,241,lwnprof_bustup_241,lwnprof_mini_241
lord_tk5_242,,242,lwnprof_bustup_242,lwnprof_mini_242
lord_tk5_244,,244,lwnprof_bustup_244,lwnprof_mini_244
lord_tk5_245,,245,lwnprof_bustup_245,lwnprof_mini_245
lord_tk5_246,,246,lwnprof_bustup_246,lwnprof_mini_246
lord_tk5_247,,247,lwnprof_bustup_247,lwnprof_mini_247
lord_tk5_248,,248,lwnprof_bustup_248,lwnprof_mini_248
lord_tk5_249,,249,lwnprof_bustup_249,lwnprof_mini_249
lord_tk5_250,,250,lwnprof_bustup_250,lwnprof_mini_250
lord_tk5_251,,251,lwnprof_bustup_251,lwnprof_mini_251
lord_tk5_252,,252,lwnprof_bustup_252,lwnprof_mini_252
lord_tk5_253,,253,lwnprof_bustup_253,lwnprof_mini_253
lord_tk5_254,,254,lwnprof_bustup_254,lwnprof_mini_254
lord_tk5_255,,255,lwnprof_bustup_255,lwnprof_mini_255
lord_tk5_256,,256,lwnprof_bustup_256,lwnprof_mini_256
lord_tk5_257,,257,lwnprof_bustup_257,lwnprof_mini_257
lord_tk5_258,,258,lwnprof_bustup_258,lwnprof_mini_258
lord_tk5_259,,259,lwnprof_bustup_259,lwnprof_mini_259
lord_tk5_260,,260,lwnprof_bustup_260,lwnprof_mini_260
lord_tk5_261,,261,lwnprof_bustup_261,lwnprof_mini_261
lord_tk5_262,,262,lwnprof_bustup_262,lwnprof_mini_262
lord_tk5_263,,263,lwnprof_bustup_263,lwnprof_mini_263
lord_tk5_264,,264,lwnprof_bustup_264,lwnprof_mini_264
lord_tk5_265,,265,lwnprof_bustup_265,lwnprof_mini_265
lord_tk5_266,,266,lwnprof_bustup_266,lwnprof_mini_266
lord_tk5_267,,267,lwnprof_bustup_267,lwnprof_mini_267
lord_tk5_268,,268,lwnprof_bustup_268,lwnprof_mini_268
lord_tk5_269,,269,lwnprof_bustup_269,lwnprof_mini_269
lord_tk5_270,,270,lwnprof_bustup_270,lwnprof_mini_270
lord_tk5_271,,271,lwnprof_bustup_271,lwnprof_mini_271
lord_tk5_272,,272,lwnprof_bustup_272,lwnprof_mini_272
lord_tk5_273,,273,lwnprof_bustup_273,lwnprof_mini_273
lord_tk5_274,,274,lwnprof_bustup_274,lwnprof_mini_274
lord_tk5_275,,275,lwnprof_bustup_275,lwnprof_mini_275
lord_tk5_276,,276,lwnprof_bustup_276,lwnprof_mini_276
lord_tk5_277,,277,lwnprof_bustup_277,lwnprof_mini_277
lord_tk5_278,,278,lwnprof_bustup_278,lwnprof_mini_278
lord_tk5_279,海,279,lwnprof_bustup_279,lwnprof_mini_279
lord_tk5_280,,280,lwnprof_bustup_280,lwnprof_mini_280
lord_tk5_281,,281,lwnprof_bustup_281,lwnprof_mini_281
lord_tk5_282,,282,lwnprof_bustup_282,lwnprof_mini_282
lord_tk5_283,,283,lwnprof_bustup_283,lwnprof_mini_283
lord_tk5_284,,284,lwnprof_bustup_284,lwnprof_mini_284
lord_tk5_285,,285,lwnprof_bustup_285,lwnprof_mini_285
lord_tk5_286,,286,lwnprof_bustup_286,lwnprof_mini_286
lord_tk5_287,,287,lwnprof_bustup_287,lwnprof_mini_287
lord_tk5_288,,288,lwnprof_bustup_288,lwnprof_mini_288
lord_tk5_289,,289,lwnprof_bustup_289,lwnprof_mini_289
lord_tk5_290,,290,lwnprof_bustup_290,lwnprof_mini_290
lord_tk5_291,,291,lwnprof_bustup_291,lwnprof_mini_291
lord_tk5_292,军师,292,lwnprof_bustup_292,lwnprof_mini_292
lord_tk5_293,,293,lwnprof_bustup_293,lwnprof_mini_293
lord_tk5_294,,294,lwnprof_bustup_294,lwnprof_mini_294
lord_tk5_295,,295,lwnprof_bustup_295,lwnprof_mini_295
lord_tk5_296,,296,lwnprof_bustup_296,lwnprof_mini_296
lord_tk5_297,,297,lwnprof_bustup_297,lwnprof_mini_297
lord_tk5_298,,298,lwnprof_bustup_298,lwnprof_mini_298
lord_tk5_299,,299,lwnprof_bustup_299,lwnprof_mini_299
lord_tk5_300,通,300,lwnprof_bustup_300,lwnprof_mini_300
lord_tk5_301,,301,lwnprof_bustup_301,lwnprof_mini_301
lord_tk5_302,,302,lwnprof_bustup_302,lwnprof_mini_302
lord_tk5_303,,303,lwnprof_bustup_303,lwnprof_mini_303
lord_tk5_304,,304,lwnprof_bustup_304,lwnprof_mini_304
lord_tk5_305,,305,lwnprof_bustup_305,lwnprof_mini_305
lord_tk5_306,,306,lwnprof_bustup_306,lwnprof_mini_306
lord_tk5_307,,307,lwnprof_bustup_307,lwnprof_mini_307
lord_tk5_308,,308,lwnprof_bustup_308,lwnprof_mini_308
lord_tk5_309,,309,lwnprof_bustup_309,lwnprof_mini_309
lord_tk5_310,,310,lwnprof_bustup_310,lwnprof_mini_310
lord_tk5_311,,311,lwnprof_bustup_311,lwnprof_mini_311
lord_tk5_312,十字,312,lwnprof_bustup_312,lwnprof_mini_312
lord_tk5_313,,313,lwnprof_bustup_313,lwnprof_mini_313
lord_tk5_314,威,314,lwnprof_bustup_314,lwnprof_mini_314
lord_tk5_315,,315,lwnprof_bustup_315,lwnprof_mini_315
lord_tk5_316,,316,lwnprof_bustup_316,lwnprof_mini_316
lord_tk5_317,,317,lwnprof_bustup_317,lwnprof_mini_317
lord_tk5_318,,318,lwnprof_bustup_318,lwnprof_mini_318
lord_tk5_319,,319,lwnprof_bustup_319,lwnprof_mini_319
lord_tk5_320,,320,lwnprof_bustup_320,lwnprof_mini_320
lord_tk5_321,,321,lwnprof_bustup_321,lwnprof_mini_321
lord_tk5_322,,322,lwnprof_bustup_322,lwnprof_mini_322
lord_tk5_323,,323,lwnprof_bustup_323,lwnprof_mini_323
lord_tk5_324,,324,lwnprof_bustup_324,lwnprof_mini_324
lord_tk5_325,,325,lwnprof_bustup_325,lwnprof_mini_325
lord_tk5_326,,326,lwnprof_bustup_326,lwnprof_mini_326
lord_tk5_327,,327,lwnprof_bustup_327,lwnprof_mini_327
lord_tk5_328,,328,lwnprof_bustup_328,lwnprof_mini_328
lord_tk5_329,,329,lwnprof_bustup_329,lwnprof_mini_329
lord_tk5_330,,330,lwnprof_bustup_330,lwnprof_mini_330
lord_tk5_331,,331,lwnprof_bustup_331,lwnprof_mini_331
lord_tk5_332,,332,lwnprof_bustup_332,lwnprof_mini_332
lord_tk5_333,,333,lwnprof_bustup_333,lwnprof_mini_333
lord_tk5_334,,334,lwnprof_bustup_334,lwnprof_mini_334
lord_tk5_335,,335,lwnprof_bustup_335,lwnprof_mini_335
lord_tk5_336,,336,lwnprof_bustup_336,lwnprof_mini_336
lord_tk5_337,,337,lwnprof_bustup_337,lwnprof_mini_337
lord_tk5_338,,338,lwnprof_bustup_338,lwnprof_mini_338
lord_tk5_339,,339,lwnprof_bustup_339,lwnprof_mini_339
lord_tk5_340,,340,lwnprof_bustup_340,lwnprof_mini_340
lord_tk5_341,,341,lwnprof_bustup_341,lwnprof_mini_341
lord_tk5_342,,342,lwnprof_bustup_342,lwnprof_mini_342
lord_tk5_343,,343,lwnprof_bustup_343,lwnprof_mini_343
lord_tk5_344,,344,lwnprof_bustup_344,lwnprof_mini_344
lord_tk5_345,,345,lwnprof_bustup_345,lwnprof_mini_345
lord_tk5_346,,346,lwnprof_bustup_346,lwnprof_mini_346
lord_tk5_347,,347,lwnprof_bustup_347,lwnprof_mini_347
lord_tk5_348,,348,lwnprof_bustup_348,lwnprof_mini_348
lord_tk5_349,,349,lwnprof_bustup_349,lwnprof_mini_349
lord_tk5_350,,350,lwnprof_bustup_350,lwnprof_mini_350
lord_tk5_351,,351,lwnprof_bustup_351,lwnprof_mini_351
lord_tk5_352,,352,lwnprof_bustup_352,lwnprof_mini_352
lord_tk5_353,,353,lwnprof_bustup_353,lwnprof_mini_353
lord_tk5_354,,354,lwnprof_bustup_354,lwnprof_mini_354
lord_tk5_355,,355,lwnprof_bustup_355,lwnprof_mini_355
lord_tk5_356,,356,lwnprof_bustup_356,lwnprof_mini_356
lord_tk5_357,,357,lwnprof_bustup_357,lwnprof_mini_357
lord_tk5_358,,358,lwnprof_bustup_358,lwnprof_mini_358
lord_tk5_359,谋,359,lwnprof_bustup_359,lwnprof_mini_359
lord_tk5_360,,360,lwnprof_bustup_360,lwnprof_mini_360
lord_tk5_361,出阵,361,lwnprof_bustup_361,lwnprof_mini_361
lord_tk5_362,,362,lwnprof_bustup_362,lwnprof_mini_362
lord_tk5_363,,363,lwnprof_bustup_363,lwnprof_mini_363
lord_tk5_364,,364,lwnprof_bustup_364,lwnprof_mini_364
lord_tk5_365,,365,lwnprof_bustup_365,lwnprof_mini_365
lord_tk5_366,,366,lwnprof_bustup_366,lwnprof_mini_366
lord_tk5_367,,367,lwnprof_bustup_367,lwnprof_mini_367
lord_tk5_368,,368,lwnprof_bustup_368,lwnprof_mini_368
lord_tk5_369,,369,lwnprof_bustup_369,lwnprof_mini_369
lord_tk5_370,,370,lwnprof_bustup_370,lwnprof_mini_370
lord_tk5_371,,371,lwnprof_bustup_371,lwnprof_mini_371
lord_tk5_372,,372,lwnprof_bustup_372,lwnprof_mini_372
lord_tk5_373,,373,lwnprof_bustup_373,lwnprof_mini_373
lord_tk5_374,,374,lwnprof_bustup_374,lwnprof_mini_374
lord_tk5_375,,375,lwnprof_bustup_375,lwnprof_mini_375
lord_tk5_376,,376,lwnprof_bustup_376,lwnprof_mini_376
lord_tk5_377,,377,lwnprof_bustup_377,lwnprof_mini_377
lord_tk5_378,,378,lwnprof_bustup_378,lwnprof_mini_378
lord_tk5_379,鬼,379,lwnprof_bustup_379,lwnprof_mini_379
lord_tk5_380,,380,lwnprof_bustup_380,lwnprof_mini_380
lord_tk5_381,,381,lwnprof_bustup_381,lwnprof_mini_381
lord_tk5_382,,382,lwnprof_bustup_382,lwnprof_mini_382
lord_tk5_383,,383,lwnprof_bustup_383,lwnprof_mini_383
lord_tk5_384,,384,lwnprof_bustup_384,lwnprof_mini_384
lord_tk5_385,,385,lwnprof_bustup_385,lwnprof_mini_385
lord_tk5_386,左近,386,lwnprof_bustup_386,lwnprof_mini_386
lord_tk5_387,,387,lwnprof_bustup_387,lwnprof_mini_387
lord_tk5_388,,388,lwnprof_bustup_388,lwnprof_mini_388
lord_tk5_389,,389,lwnprof_bustup_389,lwnprof_mini_389
lord_tk5_390,,390,lwnprof_bustup_390,lwnprof_mini_390
lord_tk5_391,,391,lwnprof_bustup_391,lwnprof_mini_391
lord_tk5_392,,392,lwnprof_bustup_392,lwnprof_mini_392
lord_tk5_393,,393,lwnprof_bustup_393,lwnprof_mini_393
lord_tk5_394,藩,394,lwnprof_bustup_394,lwnprof_mini_394
lord_tk5_395,侍,395,lwnprof_bustup_395,lwnprof_mini_395
lord_tk5_396,,396,lwnprof_bustup_396,lwnprof_mini_396
lord_tk5_397,,397,lwnprof_bustup_397,lwnprof_mini_397
lord_tk5_398,,398,lwnprof_bustup_398,lwnprof_mini_398
lord_tk5_399,,399,lwnprof_bustup_399,lwnprof_mini_399
lord_tk5_400,,400,lwnprof_bustup_400,lwnprof_mini_400
lord_tk5_401,,401,lwnprof_bustup_401,lwnprof_mini_401
lord_tk5_402,,402,lwnprof_bustup_402,lwnprof_mini_402
lord_tk5_403,,403,lwnprof_bustup_403,lwnprof_mini_403
lord_tk5_404,,404,lwnprof_bustup_404,lwnprof_mini_404
lord_tk5_405,,405,lwnprof_bustup_405,lwnprof_mini_405
lord_tk5_406,,406,lwnprof_bustup_406,lwnprof_mini_406
lord_tk5_407,,407,lwnprof_bustup_407,lwnprof_mini_407
lord_tk5_408,,408,lwnprof_bustup_408,lwnprof_mini_408
lord_tk5_409,,409,lwnprof_bustup_409,lwnprof_mini_409
lord_tk5_410,,410,lwnprof_bustup_410,lwnprof_mini_410
lord_tk5_411,,411,lwnprof_bustup_411,lwnprof_mini_411
lord_tk5_412,,412,lwnprof_bustup_412,lwnprof_mini_412
lord_tk5_413,,413,lwnprof_bustup_413,lwnprof_mini_413
lord_tk5_414,,414,lwnprof_bustup_414,lwnprof_mini_414
lord_tk5_415,,415,lwnprof_bustup_415,lwnprof_mini_415
lord_tk5_416,,416,lwnprof_bustup_416,lwnprof_mini_416
lord_tk5_417,,417,lwnprof_bustup_417,lwnprof_mini_417
lord_tk5_418,,418,lwnprof_bustup_418,lwnprof_mini_418
lord_tk5_419,,419,lwnprof_bustup_419,lwnprof_mini_419
lord_tk5_420,,420,lwnprof_bustup_420,lwnprof_mini_420
lord_tk5_421,,421,lwnprof_bustup_421,lwnprof_mini_421
lord_tk5_422,,422,lwnprof_bustup_422,lwnprof_mini_422
lord_tk5_423,,423,lwnprof_bustup_423,lwnprof_mini_423
lord_tk5_424,,424,lwnprof_bustup_424,lwnprof_mini_424
lord_tk5_425,,425,lwnprof_bustup_425,lwnprof_mini_425
lord_tk5_426,,426,lwnprof_bustup_426,lwnprof_mini_426
lord_tk5_427,,427,lwnprof_bustup_427,lwnprof_mini_427
lord_tk5_428,,428,lwnprof_bustup_428,lwnprof_mini_428
lord_tk5_429,,429,lwnprof_bustup_429,lwnprof_mini_429
lord_tk5_430,,430,lwnprof_bustup_430,lwnprof_mini_430
lord_tk5_431,,431,lwnprof_bustup_431,lwnprof_mini_431
lord_tk5_432,,432,lwnprof_bustup_432,lwnprof_mini_432
lord_tk5_433,,433,lwnprof_bustup_433,lwnprof_mini_433
lord_tk5_434,,434,lwnprof_bustup_434,lwnprof_mini_434
lord_tk5_435,,435,lwnprof_bustup_435,lwnprof_mini_435
lord_tk5_436,,436,lwnprof_bustup_436,lwnprof_mini_436
lord_tk5_437,,437,lwnprof_bustup_437,lwnprof_mini_437
lord_tk5_438,,438,lwnprof_bustup_438,lwnprof_mini_438
lord_tk5_439,,439,lwnprof_bustup_439,lwnprof_mini_439
lord_tk5_440,,440,lwnprof_bustup_440,lwnprof_mini_440
lord_tk5_441,,441,lwnprof_bustup_441,lwnprof_mini_441
lord_tk5_442,,442,lwnprof_bustup_442,lwnprof_mini_442
lord_tk5_443,,443,lwnprof_bustup_443,lwnprof_mini_443
lord_tk5_444,,444,lwnprof_bustup_444,lwnprof_mini_444
lord_tk5_445,,445,lwnprof_bustup_445,lwnprof_mini_445
lord_tk5_446,,446,lwnprof_bustup_446,lwnprof_mini_446
lord_tk5_447,,447,lwnprof_bustup_447,lwnprof_mini_447
lord_tk5_448,,448,lwnprof_bustup_448,lwnprof_mini_448
lord_tk5_449,,449,lwnprof_bustup_449,lwnprof_mini_449
lord_tk5_450,,450,lwnprof_bustup_450,lwnprof_mini_450
lord_tk5_451,,451,lwnprof_bustup_451,lwnprof_mini_451
lord_tk5_452,,452,lwnprof_bustup_452,lwnprof_mini_452
lord_tk5_453,,453,lwnprof_bustup_453,lwnprof_mini_453
lord_tk5_454,,454,lwnprof_bustup_454,lwnprof_mini_454
lord_tk5_455,计,455,lwnprof_bustup_455,lwnprof_mini_455
lord_tk5_456,,456,lwnprof_bustup_456,lwnprof_mini_456
lord_tk5_457,,457,lwnprof_bustup_457,lwnprof_mini_457
lord_tk5_458,,458,lwnprof_bustup_458,lwnprof_mini_458
lord_tk5_459,,459,lwnprof_bustup_459,lwnprof_mini_459
lord_tk5_460,,460,lwnprof_bustup_460,lwnprof_mini_460
lord_tk5_461,,461,lwnprof_bustup_461,lwnprof_mini_461
lord_tk5_462,,462,lwnprof_bustup_462,lwnprof_mini_462
lord_tk5_463,,463,lwnprof_bustup_463,lwnprof_mini_463
lord_tk5_464,,464,lwnprof_bustup_464,lwnprof_mini_464
lord_tk5_465,,465,lwnprof_bustup_465,lwnprof_mini_465
lord_tk5_466,奥州,466,lwnprof_bustup_466,lwnprof_mini_466
lord_tk5_467,,467,lwnprof_bustup_467,lwnprof_mini_467
lord_tk5_468,,468,lwnprof_bustup_468,lwnprof_mini_468
lord_tk5_469,,469,lwnprof_bustup_469,lwnprof_mini_469
lord_tk5_470,,470,lwnprof_bustup_470,lwnprof_mini_470
lord_tk5_471,,471,lwnprof_bustup_471,lwnprof_mini_471
lord_tk5_472,,472,lwnprof_bustup_472,lwnprof_mini_472
lord_tk5_473,,473,lwnprof_bustup_473,lwnprof_mini_473
lord_tk5_474,,474,lwnprof_bustup_474,lwnprof_mini_474
lord_tk5_475,,475,lwnprof_bustup_475,lwnprof_mini_475
lord_tk5_476,,476,lwnprof_bustup_476,lwnprof_mini_476
lord_tk5_477,,477,lwnprof_bustup_477,lwnprof_mini_477
lord_tk5_478,,478,lwnprof_bustup_478,lwnprof_mini_478
lord_tk5_479,,479,lwnprof_bustup_479,lwnprof_mini_479
lord_tk5_480,,480,lwnprof_bustup_480,lwnprof_mini_480
lord_tk5_481,,481,lwnprof_bustup_481,lwnprof_mini_481
lord_tk5_482,,482,lwnprof_bustup_482,lwnprof_mini_482
lord_tk5_483,,483,lwnprof_bustup_483,lwnprof_mini_483
lord_tk5_484,,484,lwnprof_bustup_484,lwnprof_mini_484
lord_tk5_485,,485,lwnprof_bustup_485,lwnprof_mini_485
lord_tk5_486,,486,lwnprof_bustup_486,lwnprof_mini_486
lord_tk5_487,,487,lwnprof_bustup_487,lwnprof_mini_487
lord_tk5_488,,488,lwnprof_bustup_488,lwnprof_mini_488
lord_tk5_489,,489,lwnprof_bustup_489,lwnprof_mini_489
lord_tk5_490,,490,lwnprof_bustup_490,lwnprof_mini_490
lord_tk5_491,,491,lwnprof_bustup_491,lwnprof_mini_491
lord_tk5_492,,492,lwnprof_bustup_492,lwnprof_mini_492
lord_tk5_493,,493,lwnprof_bustup_493,lwnprof_mini_493
lord_tk5_494,,494,lwnprof_bustup_494,lwnprof_mini_494
lord_tk5_495,,495,lwnprof_bustup_495,lwnprof_mini_495
lord_tk5_496,,496,lwnprof_bustup_496,lwnprof_mini_496
lord_tk5_497,,497,lwnprof_bustup_497,lwnprof_mini_497
lord_tk5_498,,498,lwnprof_bustup_498,lwnprof_mini_498
lord_tk5_499,文,499,lwnprof_bustup_499,lwnprof_mini_499
lord_tk5_500,,500,lwnprof_bustup_500,lwnprof_mini_500
lord_tk5_501,,501,lwnprof_bustup_501,lwnprof_mini_501
lord_tk5_502,,502,lwnprof_bustup_502,lwnprof_mini_502
lord_tk5_503,,503,lwnprof_bustup_503,lwnprof_mini_503
lord_tk5_504,,504,lwnprof_bustup_504,lwnprof_mini_504
lord_tk5_505,,505,lwnprof_bustup_505,lwnprof_mini_505
lord_tk5_506,,506,lwnprof_bustup_506,lwnprof_mini_506
lord_tk5_507,,507,lwnprof_bustup_507,lwnprof_mini_507
lord_tk5_508,,508,lwnprof_bustup_508,lwnprof_mini_508
lord_tk5_509,,509,lwnprof_bustup_509,lwnprof_mini_509
lord_tk5_510,,510,lwnprof_bustup_510,lwnprof_mini_510
lord_tk5_511,,511,lwnprof_bustup_511,lwnprof_mini_511
lord_tk5_512,,512,lwnprof_bustup_512,lwnprof_mini_512
lord_tk5_513,,513,lwnprof_bustup_513,lwnprof_mini_513
lord_tk5_514,,514,lwnprof_bustup_514,lwnprof_mini_514
lord_tk5_515,,515,lwnprof_bustup_515,lwnprof_mini_515
lord_tk5_516,老,516,lwnprof_bustup_516,lwnprof_mini_516
lord_tk5_517,羽柴,517,lwnprof_bustup_517,lwnprof_mini_517
lord_tk5_518,,518,lwnprof_bustup_518,lwnprof_mini_518
lord_tk5_519,,519,lwnprof_bustup_519,lwnprof_mini_519
lord_tk5_520,,520,lwnprof_bustup_520,lwnprof_mini_520
lord_tk5_521,,521,lwnprof_bustup_521,lwnprof_mini_521
lord_tk5_522,,522,lwnprof_bustup_522,lwnprof_mini_522
lord_tk5_523,,523,lwnprof_bustup_523,lwnprof_mini_523
lord_tk5_524,,524,lwnprof_bustup_524,lwnprof_mini_524
lord_tk5_525,,525,lwnprof_bustup_525,lwnprof_mini_525
lord_tk5_526,爱,526,lwnprof_bustup_526,lwnprof_mini_526
lord_tk5_527,,527,lwnprof_bustup_527,lwnprof_mini_527
lord_tk5_528,,528,lwnprof_bustup_528,lwnprof_mini_528
lord_tk5_529,,529,lwnprof_bustup_529,lwnprof_mini_529
lord_tk5_531,,531,lwnprof_bustup_531,lwnprof_mini_531
lord_tk5_532,,532,lwnprof_bustup_532,lwnprof_mini_532
lord_tk5_533,,533,lwnprof_bustup_533,lwnprof_mini_533
lord_tk5_534,,534,lwnprof_bustup_534,lwnprof_mini_534
lord_tk5_535,,535,lwnprof_bustup_535,lwnprof_mini_535
lord_tk5_536,,536,lwnprof_bustup_536,lwnprof_mini_536
lord_tk5_537,,537,lwnprof_bustup_537,lwnprof_mini_537
lord_tk5_538,,538,lwnprof_bustup_538,lwnprof_mini_538
lord_tk5_539,,539,lwnprof_bustup_539,lwnprof_mini_539
lord_tk5_540,,540,lwnprof_bustup_540,lwnprof_mini_540
lord_tk5_541,,541,lwnprof_bustup_541,lwnprof_mini_541
lord_tk5_542,,542,lwnprof_bustup_542,lwnprof_mini_542
lord_tk5_543,,543,lwnprof_bustup_543,lwnprof_mini_543
lord_tk5_544,,544,lwnprof_bustup_544,lwnprof_mini_544
lord_tk5_545,,545,lwnprof_bustup_545,lwnprof_mini_545
lord_tk5_546,,546,lwnprof_bustup_546,lwnprof_mini_546
lord_tk5_547,,547,lwnprof_bustup_547,lwnprof_mini_547
lord_tk5_548,,548,lwnprof_bustup_548,lwnprof_mini_548
lord_tk5_549,商,549,lwnprof_bustup_549,lwnprof_mini_549
lord_tk5_550,,550,lwnprof_bustup_550,lwnprof_mini_550
lord_tk5_551,,551,lwnprof_bustup_551,lwnprof_mini_551
lord_tk5_552,,552,lwnprof_bustup_552,lwnprof_mini_552
lord_tk5_553,,553,lwnprof_bustup_553,lwnprof_mini_553
lord_tk5_554,,554,lwnprof_bustup_554,lwnprof_mini_554
lord_tk5_555,,555,lwnprof_bustup_555,lwnprof_mini_555
lord_tk5_556,,556,lwnprof_bustup_556,lwnprof_mini_556
lord_tk5_557,,557,lwnprof_bustup_557,lwnprof_mini_557
lord_tk5_558,,558,lwnprof_bustup_558,lwnprof_mini_558
lord_tk5_559,,559,lwnprof_bustup_559,lwnprof_mini_559
lord_tk5_560,,560,lwnprof_bustup_560,lwnprof_mini_560
lord_tk5_561,,561,lwnprof_bustup_561,lwnprof_mini_561
lord_tk5_562,,562,lwnprof_bustup_562,lwnprof_mini_562
lord_tk5_563,,563,lwnprof_bustup_563,lwnprof_mini_563
lord_tk5_564,,564,lwnprof_bustup_564,lwnprof_mini_564
lord_tk5_565,,565,lwnprof_bustup_565,lwnprof_mini_565
lord_tk5_566,,566,lwnprof_bustup_566,lwnprof_mini_566
lord_tk5_567,,567,lwnprof_bustup_567,lwnprof_mini_567
lord_tk5_568,,568,lwnprof_bustup_568,lwnprof_mini_568
lord_tk5_569,,569,lwnprof_bustup_569,lwnprof_mini_569
lord_tk5_570,,570,lwnprof_bustup_570,lwnprof_mini_570
lord_tk5_571,,571,lwnprof_bustup_571,lwnprof_mini_571
lord_tk5_572,,572,lwnprof_bustup_572,lwnprof_mini_572
lord_tk5_573,,573,lwnprof_bustup_573,lwnprof_mini_573
lord_tk5_574,,574,lwnprof_bustup_574,lwnprof_mini_574
lord_tk5_575,,575,lwnprof_bustup_575,lwnprof_mini_575
lord_tk5_576,,576,lwnprof_bustup_576,lwnprof_mini_576
lord_tk5_577,,577,lwnprof_bustup_577,lwnprof_mini_577
lord_tk5_578,,578,lwnprof_bustup_578,lwnprof_mini_578
lord_tk5_579,,579,lwnprof_bustup_579,lwnprof_mini_579
lord_tk5_580,,580,lwnprof_bustup_580,lwnprof_mini_580
lord_tk5_581,,581,lwnprof_bustup_581,lwnprof_mini_581
lord_tk5_582,,582,lwnprof_bustup_582,lwnprof_mini_582
lord_tk5_583,,583,lwnprof_bustup_583,lwnprof_mini_583
lord_tk5_584,,584,lwnprof_bustup_584,lwnprof_mini_584
lord_tk5_585,,585,lwnprof_bustup_585,lwnprof_mini_585
lord_tk5_586,,586,lwnprof_bustup_586,lwnprof_mini_586
lord_tk5_587,侍,587,lwnprof_bustup_587,lwnprof_mini_587
lord_tk5_588,,588,lwnprof_bustup_588,lwnprof_mini_588
lord_tk5_589,,589,lwnprof_bustup_589,lwnprof_mini_589
lord_tk5_590,,590,lwnprof_bustup_590,lwnprof_mini_590
lord_tk5_591,,591,lwnprof_bustup_591,lwnprof_mini_591
lord_tk5_592,,592,lwnprof_bustup_592,lwnprof_mini_592
lord_tk5_593,,593,lwnprof_bustup_593,lwnprof_mini_593
lord_tk5_594,,594,lwnprof_bustup_594,lwnprof_mini_594
lord_tk5_595,,595,lwnprof_bustup_595,lwnprof_mini_595
lord_tk5_596,,596,lwnprof_bustup_596,lwnprof_mini_596
lord_tk5_597,,597,lwnprof_bustup_597,lwnprof_mini_597
lord_tk5_598,,598,lwnprof_bustup_598,lwnprof_mini_598
lord_tk5_599,,599,lwnprof_bustup_599,lwnprof_mini_599
lord_tk5_600,,600,lwnprof_bustup_600,lwnprof_mini_600
lord_tk5_601,,601,lwnprof_bustup_601,lwnprof_mini_601
lord_tk5_602,,602,lwnprof_bustup_602,lwnprof_mini_602
lord_tk5_603,,603,lwnprof_bustup_603,lwnprof_mini_603
lord_tk5_604,,604,lwnprof_bustup_604,lwnprof_mini_604
lord_tk5_605,,605,lwnprof_bustup_605,lwnprof_mini_605
lord_tk5_606,,606,lwnprof_bustup_606,lwnprof_mini_606
lord_tk5_607,,607,lwnprof_bustup_607,lwnprof_mini_607
lord_tk5_608,,608,lwnprof_bustup_608,lwnprof_mini_608
lord_tk5_609,,609,lwnprof_bustup_609,lwnprof_mini_609
lord_tk5_610,,610,lwnprof_bustup_610,lwnprof_mini_610
lord_tk5_611,,611,lwnprof_bustup_611,lwnprof_mini_611
lord_tk5_612,,612,lwnprof_bustup_612,lwnprof_mini_612
lord_tk5_613,,613,lwnprof_bustup_613,lwnprof_mini_613
lord_tk5_614,,614,lwnprof_bustup_614,lwnprof_mini_614
lord_tk5_615,阵,615,lwnprof_bustup_615,lwnprof_mini_615
lord_tk5_616,,616,lwnprof_bustup_616,lwnprof_mini_616
lord_tk5_617,,617,lwnprof_bustup_617,lwnprof_mini_617
lord_tk5_618,,618,lwnprof_bustup_618,lwnprof_mini_618
lord_tk5_619,,619,lwnprof_bustup_619,lwnprof_mini_619
lord_tk5_620,,620,lwnprof_bustup_620,lwnprof_mini_620
lord_tk5_621,,621,lwnprof_bustup_621,lwnprof_mini_621
lord_tk5_622,,622,lwnprof_bustup_622,lwnprof_mini_622
lord_tk5_623,,623,lwnprof_bustup_623,lwnprof_mini_623
lord_tk5_624,,624,lwnprof_bustup_624,lwnprof_mini_624
lord_tk5_625,,625,lwnprof_bustup_625,lwnprof_mini_625
lord_tk5_626,,626,lwnprof_bustup_626,lwnprof_mini_626
lord_tk5_627,,627,lwnprof_bustup_627,lwnprof_mini_627
lord_tk5_628,,628,lwnprof_bustup_628,lwnprof_mini_628
lord_tk5_629,,629,lwnprof_bustup_629,lwnprof_mini_629
lord_tk5_630,,630,lwnprof_bustup_630,lwnprof_mini_630
lord_tk5_631,,631,lwnprof_bustup_631,lwnprof_mini_631
lord_tk5_632,,632,lwnprof_bustup_632,lwnprof_mini_632
lord_tk5_633,,633,lwnprof_bustup_633,lwnprof_mini_633
lord_tk5_634,,634,lwnprof_bustup_634,lwnprof_mini_634
lord_tk5_635,,635,lwnprof_bustup_635,lwnprof_mini_635
lord_tk5_636,,636,lwnprof_bustup_636,lwnprof_mini_636
lord_tk5_637,,637,lwnprof_bustup_637,lwnprof_mini_637
lord_tk5_638,,638,lwnprof_bustup_638,lwnprof_mini_638
lord_tk5_639,,639,lwnprof_bustup_639,lwnprof_mini_639
lord_tk5_640,,640,lwnprof_bustup_640,lwnprof_mini_640
lord_tk5_641,,641,lwnprof_bustup_641,lwnprof_mini_641
lord_tk5_642,,642,lwnprof_bustup_642,lwnprof_mini_642
lord_tk5_643,,643,lwnprof_bustup_643,lwnprof_mini_643
lord_tk5_644,,644,lwnprof_bustup_644,lwnprof_mini_644
lord_tk5_645,,645,lwnprof_bustup_645,lwnprof_mini_645
lord_tk5_646,,646,lwnprof_bustup_646,lwnprof_mini_646
lord_tk5_647,,647,lwnprof_bustup_647,lwnprof_mini_647
lord_tk5_648,,648,lwnprof_bustup_648,lwnprof_mini_648
lord_tk5_649,,649,lwnprof_bustup_649,lwnprof_mini_649
lord_tk5_650,,650,lwnprof_bustup_650,lwnprof_mini_650
lord_tk5_651,,651,lwnprof_bustup_651,lwnprof_mini_651
lord_tk5_652,枪,652,lwnprof_bustup_652,lwnprof_mini_652
lord_tk5_653,,653,lwnprof_bustup_653,lwnprof_mini_653
lord_tk5_654,,654,lwnprof_bustup_654,lwnprof_mini_654
lord_tk5_655,,655,lwnprof_bustup_655,lwnprof_mini_655
lord_tk5_656,,656,lwnprof_bustup_656,lwnprof_mini_656
lord_tk5_657,倾奇,657,lwnprof_bustup_657,lwnprof_mini_657
lord_tk5_658,,658,lwnprof_bustup_658,lwnprof_mini_658
lord_tk5_659,枪,659,lwnprof_bustup_659,lwnprof_mini_659
lord_tk5_660,,660,lwnprof_bustup_660,lwnprof_mini_660
lord_tk5_661,,661,lwnprof_bustup_661,lwnprof_mini_661
lord_tk5_662,,662,lwnprof_bustup_662,lwnprof_mini_662
lord_tk5_663,,663,lwnprof_bustup_663,lwnprof_mini_663
lord_tk5_664,,664,lwnprof_bustup_664,lwnprof_mini_664
lord_tk5_665,,665,lwnprof_bustup_665,lwnprof_mini_665
lord_tk5_666,,666,lwnprof_bustup_666,lwnprof_mini_666
lord_tk5_667,,667,lwnprof_bustup_667,lwnprof_mini_667
lord_tk5_668,,668,lwnprof_bustup_668,lwnprof_mini_668
lord_tk5_669,,669,lwnprof_bustup_669,lwnprof_mini_669
lord_tk5_670,,670,lwnprof_bustup_670,lwnprof_mini_670
lord_tk5_671,,671,lwnprof_bustup_671,lwnprof_mini_671
lord_tk5_672,,672,lwnprof_bustup_672,lwnprof_mini_672
lord_tk5_673,,673,lwnprof_bustup_673,lwnprof_mini_673
lord_tk5_674,,674,lwnprof_bustup_674,lwnprof_mini_674
lord_tk5_675,,675,lwnprof_bustup_675,lwnprof_mini_675
lord_tk5_676,,676,lwnprof_bustup_676,lwnprof_mini_676
lord_tk5_677,,677,lwnprof_bustup_677,lwnprof_mini_677
lord_tk5_678,,678,lwnprof_bustup_678,lwnprof_mini_678
lord_tk5_679,,679,lwnprof_bustup_679,lwnprof_mini_679
lord_tk5_680,,680,lwnprof_bustup_680,lwnprof_mini_680
lord_tk5_681,,681,lwnprof_bustup_681,lwnprof_mini_681
lord_tk5_682,,682,lwnprof_bustup_682,lwnprof_mini_682
lord_tk5_683,,683,lwnprof_bustup_683,lwnprof_mini_683
lord_tk5_684,,684,lwnprof_bustup_684,lwnprof_mini_684
lord_tk5_685,,685,lwnprof_bustup_685,lwnprof_mini_685
lord_tk5_686,,686,lwnprof_bustup_686,lwnprof_mini_686
lord_tk5_687,,687,lwnprof_bustup_687,lwnprof_mini_687
lord_tk5_688,,688,lwnprof_bustup_688,lwnprof_mini_688
lord_tk5_689,,689,lwnprof_bustup_689,lwnprof_mini_689
lord_tk5_690,,690,lwnprof_bustup_690,lwnprof_mini_690
lord_tk5_691,,691,lwnprof_bustup_691,lwnprof_mini_691
lord_tk5_692,,692,lwnprof_bustup_692,lwnprof_mini_692
lord_tk5_693,,693,lwnprof_bustup_693,lwnprof_mini_693
lord_tk5_694,,694,lwnprof_bustup_694,lwnprof_mini_694
lord_tk5_695,,695,lwnprof_bustup_695,lwnprof_mini_695
lord_tk5_696,,696,lwnprof_bustup_696,lwnprof_mini_696
lord_tk5_697,,697,lwnprof_bustup_697,lwnprof_mini_697
lord_tk5_698,,698,lwnprof_bustup_698,lwnprof_mini_698
lord_tk5_699,,699,lwnprof_bustup_699,lwnprof_mini_699
lord_tk5_700,行,700,lwnprof_bustup_700,lwnprof_mini_700
lord_tk5_701,,701,lwnprof_bustup_701,lwnprof_mini_701
lord_tk5_702,,702,lwnprof_bustup_702,lwnprof_mini_702
lord_tk5_703,,703,lwnprof_bustup_703,lwnprof_mini_703
lord_tk5_704,,704,lwnprof_bustup_704,lwnprof_mini_704
lord_tk5_707,,707,lwnprof_bustup_707,lwnprof_mini_707
lord_tk5_708,,708,lwnprof_bustup_708,lwnprof_mini_708
lord_tk5_709,,709,lwnprof_bustup_709,lwnprof_mini_709
lord_tk5_710,,710,lwnprof_bustup_710,lwnprof_mini_710
lord_tk5_711,,711,lwnprof_bustup_711,lwnprof_mini_711
lord_tk5_712,,712,lwnprof_bustup_712,lwnprof_mini_712
lord_tk5_713,,713,lwnprof_bustup_713,lwnprof_mini_713
lord_tk5_714,水,714,lwnprof_bustup_714,lwnprof_mini_714
lord_tk5_715,,715,lwnprof_bustup_715,lwnprof_mini_715
lord_tk5_716,,716,lwnprof_bustup_716,lwnprof_mini_716
lord_tk5_717,,717,lwnprof_bustup_717,lwnprof_mini_717
lord_tk5_718,,718,lwnprof_bustup_718,lwnprof_mini_718
lord_tk5_719,,719,lwnprof_bustup_719,lwnprof_mini_719
lord_tk5_720,,720,lwnprof_bustup_720,lwnprof_mini_720
lord_tk5_721,,721,lwnprof_bustup_721,lwnprof_mini_721
lord_tk5_722,,722,lwnprof_bustup_722,lwnprof_mini_722
lord_tk5_723,出羽,723,lwnprof_bustup_723,lwnprof_mini_723
lord_tk5_724,,724,lwnprof_bustup_724,lwnprof_mini_724
lord_tk5_725,,725,lwnprof_bustup_725,lwnprof_mini_725
lord_tk5_726,,726,lwnprof_bustup_726,lwnprof_mini_726
lord_tk5_727,,727,lwnprof_bustup_727,lwnprof_mini_727
lord_tk5_728,,728,lwnprof_bustup_728,lwnprof_mini_728
lord_tk5_729,,729,lwnprof_bustup_729,lwnprof_mini_729
lord_tk5_730,,730,lwnprof_bustup_730,lwnprof_mini_730
lord_tk5_731,,731,lwnprof_bustup_731,lwnprof_mini_731
lord_tk5_732,,732,lwnprof_bustup_732,lwnprof_mini_732
lord_tk5_733,,733,lwnprof_bustup_733,lwnprof_mini_733
lord_tk5_734,,734,lwnprof_bustup_734,lwnprof_mini_734
lord_tk5_735,,735,lwnprof_bustup_735,lwnprof_mini_735
lord_tk5_736,,736,lwnprof_bustup_736,lwnprof_mini_736
lord_tk5_737,,737,lwnprof_bustup_737,lwnprof_mini_737
lord_tk5_738,,738,lwnprof_bustup_738,lwnprof_mini_738
lord_tk5_739,,739,lwnprof_bustup_739,lwnprof_mini_739
lord_tk5_740,,740,lwnprof_bustup_740,lwnprof_mini_740
lord_tk5_741,,741,lwnprof_bustup_741,lwnprof_mini_741
lord_tk5_742,,742,lwnprof_bustup_742,lwnprof_mini_742
lord_tk5_743,,743,lwnprof_bustup_743,lwnprof_mini_743
lord_tk5_744,,744,lwnprof_bustup_744,lwnprof_mini_744
lord_tk5_745,,745,lwnprof_bustup_745,lwnprof_mini_745
lord_tk5_746,,746,lwnprof_bustup_746,lwnprof_mini_746
lord_tk5_747,,747,lwnprof_bustup_747,lwnprof_mini_747
lord_tk5_748,,748,lwnprof_bustup_748,lwnprof_mini_748
lord_tk5_749,,749,lwnprof_bustup_749,lwnprof_mini_749
lord_tk5_750,,750,lwnprof_bustup_750,lwnprof_mini_750
lord_tk5_751,,751,lwnprof_bustup_751,lwnprof_mini_751
lord_tk5_752,,752,lwnprof_bustup_752,lwnprof_mini_752
lord_tk5_753,,753,lwnprof_bustup_753,lwnprof_mini_753
lord_tk5_754,,754,lwnprof_bustup_754,lwnprof_mini_754
lord_tk5_755,,755,lwnprof_bustup_755,lwnprof_mini_755
lord_tk5_756,志,756,lwnprof_bustup_756,lwnprof_mini_756
lord_tk5_757,,757,lwnprof_bustup_757,lwnprof_mini_757
lord_tk5_758,,758,lwnprof_bustup_758,lwnprof_mini_758
lord_tk5_759,,759,lwnprof_bustup_759,lwnprof_mini_759
lord_tk5_760,,760,lwnprof_bustup_760,lwnprof_mini_760
lord_tk5_761,,761,lwnprof_bustup_761,lwnprof_mini_761
lord_tk5_762,,762,lwnprof_bustup_762,lwnprof_mini_762
lord_tk5_763,,763,lwnprof_bustup_763,lwnprof_mini_763
lord_tk5_764,,764,lwnprof_bustup_764,lwnprof_mini_764
lord_tk5_765,,765,lwnprof_bustup_765,lwnprof_mini_765
lord_tk5_766,,766,lwnprof_bustup_766,lwnprof_mini_766
lord_tk5_767,,767,lwnprof_bustup_767,lwnprof_mini_767
lord_tk5_768,,768,lwnprof_bustup_768,lwnprof_mini_768
lord_tk5_769,,769,lwnprof_bustup_769,lwnprof_mini_769
lord_tk5_770,,770,lwnprof_bustup_770,lwnprof_mini_770
lord_tk5_771,,771,lwnprof_bustup_771,lwnprof_mini_771
lord_tk5_772,,772,lwnprof_bustup_772,lwnprof_mini_772
lord_tk5_773,,773,lwnprof_bustup_773,lwnprof_mini_773
lord_tk5_774,,774,lwnprof_bustup_774,lwnprof_mini_774
lord_tk5_775,,775,lwnprof_bustup_775,lwnprof_mini_775
lord_tk5_776,,776,lwnprof_bustup_776,lwnprof_mini_776
lord_tk5_777,,777,lwnprof_bustup_777,lwnprof_mini_777
lord_tk5_778,,778,lwnprof_bustup_778,lwnprof_mini_778
lord_tk5_779,,779,lwnprof_bustup_779,lwnprof_mini_779
lord_tk5_780,,780,lwnprof_bustup_780,lwnprof_mini_780
lord_tk5_781,,781,lwnprof_bustup_781,lwnprof_mini_781
lord_tk5_782,,782,lwnprof_bustup_782,lwnprof_mini_782
lord_tk5_783,,783,lwnprof_bustup_783,lwnprof_mini_783
lord_tk5_784,,784,lwnprof_bustup_784,lwnprof_mini_784
lord_tk5_785,,785,lwnprof_bustup_785,lwnprof_mini_785
lord_tk5_786,,786,lwnprof_bustup_786,lwnprof_mini_786
lord_tk5_787,,787,lwnprof_bustup_787,lwnprof_mini_787
lord_tk5_788,,788,lwnprof_bustup_788,lwnprof_mini_788
lord_tk5_789,,789,lwnprof_bustup_789,lwnprof_mini_789
lord_tk5_790,,790,lwnprof_bustup_790,lwnprof_mini_790
lord_tk5_791,,791,lwnprof_bustup_791,lwnprof_mini_791
lord_tk5_792,,792,lwnprof_bustup_792,lwnprof_mini_792
lord_tk5_793,,793,lwnprof_bustup_793,lwnprof_mini_793
lord_tk5_794,,794,lwnprof_bustup_794,lwnprof_mini_794
lord_tk5_795,,795,lwnprof_bustup_795,lwnprof_mini_795
lord_tk5_796,,796,lwnprof_bustup_796,lwnprof_mini_796
lord_tk5_797,,797,lwnprof_bustup_797,lwnprof_mini_797
lord_tk5_798,,798,lwnprof_bustup_798,lwnprof_mini_798
lord_tk5_799,,799,lwnprof_bustup_799,lwnprof_mini_799
lord_tk5_800,,800,lwnprof_bustup_800,lwnprof_mini_800
lord_tk5_801,,801,lwnprof_bustup_801,lwnprof_mini_801
lord_tk5_802,,802,lwnprof_bustup_802,lwnprof_mini_802
lord_tk5_803,,803,lwnprof_bustup_803,lwnprof_mini_803
lord_tk5_804,,804,lwnprof_bustup_804,lwnprof_mini_804
lord_tk5_805,,805,lwnprof_bustup_805,lwnprof_mini_805
lord_tk5_806,,806,lwnprof_bustup_806,lwnprof_mini_806
lord_tk5_807,,807,lwnprof_bustup_807,lwnprof_mini_807
lord_tk5_808,,808,lwnprof_bustup_808,lwnprof_mini_808
lord_tk5_809,,809,lwnprof_bustup_809,lwnprof_mini_809
lord_tk5_810,,810,lwnprof_bustup_810,lwnprof_mini_810
lord_tk5_811,,811,lwnprof_bustup_811,lwnprof_mini_811
lord_tk5_812,,812,lwnprof_bustup_812,lwnprof_mini_812
lord_tk5_813,,813,lwnprof_bustup_813,lwnprof_mini_813
lord_tk5_814,,814,lwnprof_bustup_814,lwnprof_mini_814
lord_tk5_815,,815,lwnprof_bustup_815,lwnprof_mini_815
lord_tk5_816,,816,lwnprof_bustup_816,lwnprof_mini_816
lord_tk5_817,,817,lwnprof_bustup_817,lwnprof_mini_817
lord_tk5_818,,818,lwnprof_bustup_818,lwnprof_mini_818
lord_tk5_819,,819,lwnprof_bustup_819,lwnprof_mini_819
lord_tk5_820,,820,lwnprof_bustup_820,lwnprof_mini_820
lord_tk5_821,,821,lwnprof_bustup_821,lwnprof_mini_821
lord_tk5_822,,822,lwnprof_bustup_822,lwnprof_mini_822
lord_tk5_823,,823,lwnprof_bustup_823,lwnprof_mini_823
lord_tk5_824,,824,lwnprof_bustup_824,lwnprof_mini_824
lord_tk5_825,,825,lwnprof_bustup_825,lwnprof_mini_825
lord_tk5_826,,826,lwnprof_bustup_826,lwnprof_mini_826
lord_tk5_827,,827,lwnprof_bustup_827,lwnprof_mini_827
lord_tk5_828,,828,lwnprof_bustup_828,lwnprof_mini_828
lord_tk5_829,,829,lwnprof_bustup_829,lwnprof_mini_829
lord_tk5_830,,830,lwnprof_bustup_830,lwnprof_mini_830
lord_tk5_831,,831,lwnprof_bustup_831,lwnprof_mini_831
lord_tk5_832,,832,lwnprof_bustup_832,lwnprof_mini_832
lord_tk5_833,,833,lwnprof_bustup_833,lwnprof_mini_833
lord_tk5_834,,834,lwnprof_bustup_834,lwnprof_mini_834
lord_tk5_835,,835,lwnprof_bustup_835,lwnprof_mini_835
lord_tk5_836,,836,lwnprof_bustup_836,lwnprof_mini_836
lord_tk5_837,,837,lwnprof_bustup_837,lwnprof_mini_837
lord_tk5_838,,838,lwnprof_bustup_838,lwnprof_mini_838
lord_tk5_839,,839,lwnprof_bustup_839,lwnprof_mini_839
lord_tk5_840,,840,lwnprof_bustup_840,lwnprof_mini_840
lord_tk5_841,,841,lwnprof_bustup_841,lwnprof_mini_841
lord_tk5_842,,842,lwnprof_bustup_842,lwnprof_mini_842
lord_tk5_843,,843,lwnprof_bustup_843,lwnprof_mini_843
lord_tk5_844,,844,lwnprof_bustup_844,lwnprof_mini_844
lord_tk5_845,,845,lwnprof_bustup_845,lwnprof_mini_845
lord_tk5_846,,846,lwnprof_bustup_846,lwnprof_mini_846
lord_tk5_847,,847,lwnprof_bustup_847,lwnprof_mini_847
lord_tk5_848,,848,lwnprof_bustup_848,lwnprof_mini_848
lord_tk5_849,,849,lwnprof_bustup_849,lwnprof_mini_849
lord_tk5_850,,850,lwnprof_bustup_850,lwnprof_mini_850
lord_tk5_851,,851,lwnprof_bustup_851,lwnprof_mini_851
lord_tk5_852,,852,lwnprof_bustup_852,lwnprof_mini_852
lord_tk5_853,,853,lwnprof_bustup_853,lwnprof_mini_853
lord_tk5_854,,854,lwnprof_bustup_854,lwnprof_mini_854
lord_tk5_855,,855,lwnprof_bustup_855,lwnprof_mini_855
lord_tk5_856,,856,lwnprof_bustup_856,lwnprof_mini_856
lord_tk5_857,,857,lwnprof_bustup_857,lwnprof_mini_857
lord_tk5_858,,858,lwnprof_bustup_858,lwnprof_mini_858
lord_tk5_859,,859,lwnprof_bustup_859,lwnprof_mini_859
template_ninja_male_01,青年,860,lwnprof_bustup_860,lwnprof_mini_860
template_ninja_male_01,,861,lwnprof_bustup_861,lwnprof_mini_861
template_ninja_male_01,,862,lwnprof_bustup_862,lwnprof_mini_862
template_ninja_male_01,,863,lwnprof_bustup_863,lwnprof_mini_863
template_kunoichi_01,,864,lwnprof_bustup_864,lwnprof_mini_864
template_ninja_male_01,,865,lwnprof_bustup_865,lwnprof_mini_865
template_ninja_male_01,,866,lwnprof_bustup_866,lwnprof_mini_866
template_ninja_male_01,,867,lwnprof_bustup_867,lwnprof_mini_867
template_ninja_male_01,,868,lwnprof_bustup_868,lwnprof_mini_868
template_ninja_male_01,,869,lwnprof_bustup_869,lwnprof_mini_869
template_ninja_male_01,,870,lwnprof_bustup_870,lwnprof_mini_870
template_ninja_male_01,,871,lwnprof_bustup_871,lwnprof_mini_871
template_ninja_male_01,,872,lwnprof_bustup_872,lwnprof_mini_872
template_ninja_male_01,,873,lwnprof_bustup_873,lwnprof_mini_873
template_ninja_male_01,,874,lwnprof_bustup_874,lwnprof_mini_874
template_ninja_male_01,,875,lwnprof_bustup_875,lwnprof_mini_875
template_ninja_male_01,,876,lwnprof_bustup_876,lwnprof_mini_876
template_ninja_male_01,,877,lwnprof_bustup_877,lwnprof_mini_877
template_ninja_male_01,,878,lwnprof_bustup_878,lwnprof_mini_878
template_ninja_male_01,,879,lwnprof_bustup_879,lwnprof_mini_879
template_ninja_male_01,,880,lwnprof_bustup_880,lwnprof_mini_880
template_ninja_male_01,,881,lwnprof_bustup_881,lwnprof_mini_881
template_ninja_male_01,,882,lwnprof_bustup_882,lwnprof_mini_882
template_ninja_male_01,,883,lwnprof_bustup_883,lwnprof_mini_883
template_ninja_male_01,,884,lwnprof_bustup_884,lwnprof_mini_884
template_ninja_male_01,,885,lwnprof_bustup_885,lwnprof_mini_885
template_ninja_male_01,,886,lwnprof_bustup_886,lwnprof_mini_886
template_ninja_male_01,壮年,887,lwnprof_bustup_887,lwnprof_mini_887
template_ninja_male_01,,888,lwnprof_bustup_888,lwnprof_mini_888
template_ninja_male_01,,889,lwnprof_bustup_889,lwnprof_mini_889
template_ninja_male_01,,890,lwnprof_bustup_890,lwnprof_mini_890
template_ninja_male_01,,891,lwnprof_bustup_891,lwnprof_mini_891
template_ninja_male_01,,892,lwnprof_bustup_892,lwnprof_mini_892
template_ninja_male_01,,893,lwnprof_bustup_893,lwnprof_mini_893
template_ninja_male_01,,894,lwnprof_bustup_894,lwnprof_mini_894
template_kunoichi_01,,895,lwnprof_bustup_895,lwnprof_mini_895
template_ninja_male_01,,896,lwnprof_bustup_896,lwnprof_mini_896
template_ninja_male_01,,897,lwnprof_bustup_897,lwnprof_mini_897
template_ninja_male_01,,898,lwnprof_bustup_898,lwnprof_mini_898
template_ninja_male_01,,899,lwnprof_bustup_899,lwnprof_mini_899
template_ninja_male_01,,900,lwnprof_bustup_900,lwnprof_mini_900
template_ninja_male_01,,901,lwnprof_bustup_901,lwnprof_mini_901
template_ninja_male_01,,902,lwnprof_bustup_902,lwnprof_mini_902
template_ninja_male_01,,903,lwnprof_bustup_903,lwnprof_mini_903
template_ninja_male_01,,904,lwnprof_bustup_904,lwnprof_mini_904
template_ninja_male_01,,905,lwnprof_bustup_905,lwnprof_mini_905
template_ninja_male_01,,906,lwnprof_bustup_906,lwnprof_mini_906
template_ninja_male_01,,907,lwnprof_bustup_907,lwnprof_mini_907
template_ninja_male_01,,908,lwnprof_bustup_908,lwnprof_mini_908
template_ninja_male_01,,909,lwnprof_bustup_909,lwnprof_mini_909
template_ninja_male_01,,910,lwnprof_bustup_910,lwnprof_mini_910
template_ninja_male_01,,911,lwnprof_bustup_911,lwnprof_mini_911
template_ninja_male_01,老年,912,lwnprof_bustup_912,lwnprof_mini_912
template_merchant_01,青年,913,lwnprof_bustup_913,lwnprof_mini_913
template_ninja_male_01,,914,lwnprof_bustup_914,lwnprof_mini_914
template_merchant_01,,915,lwnprof_bustup_915,lwnprof_mini_915
template_merchant_01,,916,lwnprof_bustup_916,lwnprof_mini_916
template_merchant_01,,917,lwnprof_bustup_917,lwnprof_mini_917
template_merchant_01,,918,lwnprof_bustup_918,lwnprof_mini_918
template_merchant_01,,919,lwnprof_bustup_919,lwnprof_mini_919
template_merchant_01,,920,lwnprof_bustup_920,lwnprof_mini_920
template_merchant_01,,921,lwnprof_bustup_921,lwnprof_mini_921
template_merchant_01,,922,lwnprof_bustup_922,lwnprof_mini_922
template_merchant_01,,923,lwnprof_bustup_923,lwnprof_mini_923
template_merchant_01,,924,lwnprof_bustup_924,lwnprof_mini_924
template_merchant_01,,925,lwnprof_bustup_925,lwnprof_mini_925
template_merchant_01,,926,lwnprof_bustup_926,lwnprof_mini_926
template_merchant_01,,927,lwnprof_bustup_927,lwnprof_mini_927
template_merchant_01,,928,lwnprof_bustup_928,lwnprof_mini_928
template_merchant_01,,929,lwnprof_bustup_929,lwnprof_mini_929
template_merchant_01,,930,lwnprof_bustup_930,lwnprof_mini_930
template_merchant_01,,931,lwnprof_bustup_931,lwnprof_mini_931
template_merchant_01,,932,lwnprof_bustup_932,lwnprof_mini_932
template_merchant_01,,933,lwnprof_bustup_933,lwnprof_mini_933
template_merchant_01,,934,lwnprof_bustup_934,lwnprof_mini_934
template_merchant_01,,935,lwnprof_bustup_935,lwnprof_mini_935
template_merchant_01,,936,lwnprof_bustup_936,lwnprof_mini_936
template_merchant_01,,937,lwnprof_bustup_937,lwnprof_mini_937
template_merchant_01,,938,lwnprof_bustup_938,lwnprof_mini_938
template_merchant_01,,939,lwnprof_bustup_939,lwnprof_mini_939
template_merchant_01,,940,lwnprof_bustup_940,lwnprof_mini_940
template_merchant_01,,941,lwnprof_bustup_941,lwnprof_mini_941
template_merchant_01,,942,lwnprof_bustup_942,lwnprof_mini_942
template_merchant_01,壮年,943,lwnprof_bustup_943,lwnprof_mini_943
template_merchant_01,,944,lwnprof_bustup_944,lwnprof_mini_944
template_merchant_01,,945,lwnprof_bustup_945,lwnprof_mini_945
template_merchant_01,,946,lwnprof_bustup_946,lwnprof_mini_946
template_merchant_01,,947,lwnprof_bustup_947,lwnprof_mini_947
template_merchant_01,,948,lwnprof_bustup_948,lwnprof_mini_948
template_merchant_01,,949,lwnprof_bustup_949,lwnprof_mini_949
template_merchant_01,,950,lwnprof_bustup_950,lwnprof_mini_950
template_merchant_01,,951,lwnprof_bustup_951,lwnprof_mini_951
template_merchant_01,,952,lwnprof_bustup_952,lwnprof_mini_952
template_merchant_01,,953,lwnprof_bustup_953,lwnprof_mini_953
template_merchant_01,,954,lwnprof_bustup_954,lwnprof_mini_954
template_merchant_01,,955,lwnprof_bustup_955,lwnprof_mini_955
template_merchant_01,,956,lwnprof_bustup_956,lwnprof_mini_956
template_merchant_01,,957,lwnprof_bustup_957,lwnprof_mini_957
template_merchant_01,,958,lwnprof_bustup_958,lwnprof_mini_958
template_merchant_01,,959,lwnprof_bustup_959,lwnprof_mini_959
template_merchant_01,,960,lwnprof_bustup_960,lwnprof_mini_960
template_merchant_01,,961,lwnprof_bustup_961,lwnprof_mini_961
template_merchant_01,,962,lwnprof_bustup_962,lwnprof_mini_962
template_merchant_01,,963,lwnprof_bustup_963,lwnprof_mini_963
template_merchant_01,,964,lwnprof_bustup_964,lwnprof_mini_964
template_merchant_01,,965,lwnprof_bustup_965,lwnprof_mini_965
template_merchant_01,,966,lwnprof_bustup_966,lwnprof_mini_966
template_merchant_01,,967,lwnprof_bustup_967,lwnprof_mini_967
template_merchant_01,,968,lwnprof_bustup_968,lwnprof_mini_968
template_merchant_01,,969,lwnprof_bustup_969,lwnprof_mini_969
template_merchant_01,,970,lwnprof_bustup_970,lwnprof_mini_970
template_merchant_01,,971,lwnprof_bustup_971,lwnprof_mini_971
template_merchant_01,,972,lwnprof_bustup_972,lwnprof_mini_972
template_merchant_01,,973,lwnprof_bustup_973,lwnprof_mini_973
template_merchant_01,老年,974,lwnprof_bustup_974,lwnprof_mini_974
template_kaizoku_01,青年,975,lwnprof_bustup_975,lwnprof_mini_975
template_kaizoku_01,,976,lwnprof_bustup_976,lwnprof_mini_976
template_kaizoku_01,,977,lwnprof_bustup_977,lwnprof_mini_977
template_kaizoku_01,,978,lwnprof_bustup_978,lwnprof_mini_978
template_kaizoku_01,,979,lwnprof_bustup_979,lwnprof_mini_979
template_kaizoku_01,,980,lwnprof_bustup_980,lwnprof_mini_980
template_kaizoku_01,,981,lwnprof_bustup_981,lwnprof_mini_981
template_kaizoku_01,,982,lwnprof_bustup_982,lwnprof_mini_982
template_kaizoku_01,,983,lwnprof_bustup_983,lwnprof_mini_983
template_kaizoku_01,,984,lwnprof_bustup_984,lwnprof_mini_984
template_kaizoku_01,,985,lwnprof_bustup_985,lwnprof_mini_985
template_kaizoku_01,,986,lwnprof_bustup_986,lwnprof_mini_986
template_kaizoku_01,,987,lwnprof_bustup_987,lwnprof_mini_987
template_kaizoku_01,,988,lwnprof_bustup_988,lwnprof_mini_988
template_kaizoku_01,,989,lwnprof_bustup_989,lwnprof_mini_989
template_kaizoku_01,,990,lwnprof_bustup_990,lwnprof_mini_990
template_kaizoku_01,,991,lwnprof_bustup_991,lwnprof_mini_991
template_kaizoku_01,,992,lwnprof_bustup_992,lwnprof_mini_992
template_kaizoku_01,,993,lwnprof_bustup_993,lwnprof_mini_993
template_kaizoku_01,,994,lwnprof_bustup_994,lwnprof_mini_994
template_kaizoku_01,,995,lwnprof_bustup_995,lwnprof_mini_995
template_kaizoku_01,,996,lwnprof_bustup_996,lwnprof_mini_996
template_kaizoku_01,,997,lwnprof_bustup_997,lwnprof_mini_997
template_kaizoku_01,,998,lwnprof_bustup_998,lwnprof_mini_998
template_kaizoku_01,,999,lwnprof_bustup_999,lwnprof_mini_999
template_kaizoku_01,,1000,lwnprof_bustup_1000,lwnprof_mini_1000
template_kaizoku_01,壮年,1001,lwnprof_bustup_1001,lwnprof_mini_1001
template_kaizoku_01,,1002,lwnprof_bustup_1002,lwnprof_mini_1002
template_kaizoku_01,,1003,lwnprof_bustup_1003,lwnprof_mini_1003
template_kaizoku_01,,1004,lwnprof_bustup_1004,lwnprof_mini_1004
template_kaizoku_01,,1005,lwnprof_bustup_1005,lwnprof_mini_1005
template_kaizoku_01,,1006,lwnprof_bustup_1006,lwnprof_mini_1006
template_kaizoku_01,,1007,lwnprof_bustup_1007,lwnprof_mini_1007
template_kaizoku_01,,1008,lwnprof_bustup_1008,lwnprof_mini_1008
template_kaizoku_01,,1009,lwnprof_bustup_1009,lwnprof_mini_1009
template_kaizoku_01,,1010,lwnprof_bustup_1010,lwnprof_mini_1010
template_kaizoku_01,,1011,lwnprof_bustup_1011,lwnprof_mini_1011
template_kaizoku_01,,1012,lwnprof_bustup_1012,lwnprof_mini_1012
template_kaizoku_01,,1013,lwnprof_bustup_1013,lwnprof_mini_1013
template_kaizoku_01,,1014,lwnprof_bustup_1014,lwnprof_mini_1014
template_kaizoku_01,,1015,lwnprof_bustup_1015,lwnprof_mini_1015
template_kaizoku_01,,1016,lwnprof_bustup_1016,lwnprof_mini_1016
template_kaizoku_female_01,,1017,lwnprof_bustup_1017,lwnprof_mini_1017
template_kaizoku_female_01,卡1018,1018,lwnprof_bustup_1018,lwnprof_mini_1018
template_kaizoku_01,,1019,lwnprof_bustup_1019,lwnprof_mini_1019
template_kaizoku_01,,1020,lwnprof_bustup_1020,lwnprof_mini_1020
template_kaizoku_01,,1021,lwnprof_bustup_1021,lwnprof_mini_1021
template_kaizoku_01,,1022,lwnprof_bustup_1022,lwnprof_mini_1022
template_kaizoku_01,,1023,lwnprof_bustup_1023,lwnprof_mini_1023
template_kaizoku_01,,1024,lwnprof_bustup_1024,lwnprof_mini_1024
template_kaizoku_01,,1025,lwnprof_bustup_1025,lwnprof_mini_1025
template_kaizoku_01,,1026,lwnprof_bustup_1026,lwnprof_mini_1026
template_kaizoku_01,,1027,lwnprof_bustup_1027,lwnprof_mini_1027
template_kaizoku_01,,1028,lwnprof_bustup_1028,lwnprof_mini_1028
template_kaizoku_01,老年,1029,lwnprof_bustup_1029,lwnprof_mini_1029
lord_tk5_1162,,1030,lwnprof_bustup_1030,lwnprof_mini_1030
lord_tk5_1163,,1031,lwnprof_bustup_1031,lwnprof_mini_1031
lord_tk5_1164,,1032,lwnprof_bustup_1032,lwnprof_mini_1032
lord_tk5_1165,,1033,lwnprof_bustup_1033,lwnprof_mini_1033
lord_tk5_1166,,1034,lwnprof_bustup_1034,lwnprof_mini_1034
lord_tk5_1167,,1035,lwnprof_bustup_1035,lwnprof_mini_1035
lord_tk5_1168,,1036,lwnprof_bustup_1036,lwnprof_mini_1036
lord_tk5_1169,,1037,lwnprof_bustup_1037,lwnprof_mini_1037
lord_tk5_1170,,1038,lwnprof_bustup_1038,lwnprof_mini_1038
lord_tk5_1171,,1039,lwnprof_bustup_1039,lwnprof_mini_1039
lord_tk5_1173,,1040,lwnprof_bustup_1040,lwnprof_mini_1040
lord_tk5_1172,,1041,lwnprof_bustup_1041,lwnprof_mini_1041
lord_tk5_1174,,1042,lwnprof_bustup_1042,lwnprof_mini_1042
template_kuge_01,,1043,lwnprof_bustup_1043,lwnprof_mini_1043
template_tennou_01,,1044,lwnprof_bustup_1044,lwnprof_mini_1044
lord_tk5_1177,,1045,lwnprof_bustup_1045,lwnprof_mini_1045
lord_tk5_1178,,1046,lwnprof_bustup_1046,lwnprof_mini_1046
lord_tk5_1179,若,1047,lwnprof_bustup_1047,lwnprof_mini_1047
lord_tk5_1180,白,1048,lwnprof_bustup_1048,lwnprof_mini_1048
lord_tk5_1181,,1049,lwnprof_bustup_1049,lwnprof_mini_1049
lord_tk5_1182,,1050,lwnprof_bustup_1050,lwnprof_mini_1050
lord_tk5_1183,,1051,lwnprof_bustup_1051,lwnprof_mini_1051
lord_tk5_1184,,1052,lwnprof_bustup_1052,lwnprof_mini_1052
lord_tk5_1185,,1053,lwnprof_bustup_1053,lwnprof_mini_1053
lord_tk5_1186,,1054,lwnprof_bustup_1054,lwnprof_mini_1054
lord_tk5_1187,,1055,lwnprof_bustup_1055,lwnprof_mini_1055
lord_tk5_1188,,1056,lwnprof_bustup_1056,lwnprof_mini_1056
lord_tk5_1189,,1057,lwnprof_bustup_1057,lwnprof_mini_1057
lord_tk5_1190,,1058,lwnprof_bustup_1058,lwnprof_mini_1058
lord_tk5_1191,,1059,lwnprof_bustup_1059,lwnprof_mini_1059
lord_tk5_1192,,1060,lwnprof_bustup_1060,lwnprof_mini_1060
lord_tk5_1193,,1061,lwnprof_bustup_1061,lwnprof_mini_1061
lord_tk5_1194,,1062,lwnprof_bustup_1062,lwnprof_mini_1062
lord_tk5_1195,,1063,lwnprof_bustup_1063,lwnprof_mini_1063
lord_tk5_1196,,1064,lwnprof_bustup_1064,lwnprof_mini_1064
lord_tk5_1197,,1065,lwnprof_bustup_1065,lwnprof_mini_1065
lord_tk5_1198,,1066,lwnprof_bustup_1066,lwnprof_mini_1066
lord_tk5_1199,,1067,lwnprof_bustup_1067,lwnprof_mini_1067
lord_tk5_1200,,1068,lwnprof_bustup_1068,lwnprof_mini_1068
lord_tk5_1201,,1069,lwnprof_bustup_1069,lwnprof_mini_1069
lord_tk5_1202,,1070,lwnprof_bustup_1070,lwnprof_mini_1070
lord_tk5_1203,,1071,lwnprof_bustup_1071,lwnprof_mini_1071
lord_tk5_1204,,1072,lwnprof_bustup_1072,lwnprof_mini_1072
lord_tk5_1205,,1073,lwnprof_bustup_1073,lwnprof_mini_1073
lord_tk5_1206,,1074,lwnprof_bustup_1074,lwnprof_mini_1074
lord_tk5_1207,,1075,lwnprof_bustup_1075,lwnprof_mini_1075
lord_tk5_1208,,1076,lwnprof_bustup_1076,lwnprof_mini_1076
lord_tk5_1209,,1077,lwnprof_bustup_1077,lwnprof_mini_1077
lord_tk5_1210,,1078,lwnprof_bustup_1078,lwnprof_mini_1078
lord_tk5_1211,,1079,lwnprof_bustup_1079,lwnprof_mini_1079
lord_tk5_1212,,1080,lwnprof_bustup_1080,lwnprof_mini_1080
lord_tk5_1213,,1081,lwnprof_bustup_1081,lwnprof_mini_1081
lord_tk5_1217,,1082,lwnprof_bustup_1082,lwnprof_mini_1082
lord_tk5_1220,,1083,lwnprof_bustup_1083,lwnprof_mini_1083
template_hakkoujin_01,,1084,lwnprof_bustup_1084,lwnprof_mini_1084
template_merchant_gyo_01,,1085,lwnprof_bustup_1085,lwnprof_mini_1085
lord_tk5_1225,,1086,lwnprof_bustup_1086,lwnprof_mini_1086
lord_tk5_1227,,1087,lwnprof_bustup_1087,lwnprof_mini_1087
lord_tk5_1226,,1088,lwnprof_bustup_1088,lwnprof_mini_1088
lord_tk5_1228,,1089,lwnprof_bustup_1089,lwnprof_mini_1089
lord_tk5_1229,,1090,lwnprof_bustup_1090,lwnprof_mini_1090
lord_tk5_1230,,1091,lwnprof_bustup_1091,lwnprof_mini_1091
lord_tk5_1231,,1092,lwnprof_bustup_1092,lwnprof_mini_1092
lord_tk5_1232,,1093,lwnprof_bustup_1093,lwnprof_mini_1093
lord_tk5_1233,,1094,lwnprof_bustup_1094,lwnprof_mini_1094
lord_tk5_1234,,1095,lwnprof_bustup_1095,lwnprof_mini_1095
lord_tk5_1235,,1096,lwnprof_bustup_1096,lwnprof_mini_1096
lord_tk5_1236,,1097,lwnprof_bustup_1097,lwnprof_mini_1097
lord_tk5_1237,,1098,lwnprof_bustup_1098,lwnprof_mini_1098
lord_tk5_1238,,1099,lwnprof_bustup_1099,lwnprof_mini_1099
lord_tk5_1218,,1100,lwnprof_bustup_1100,lwnprof_mini_1100
lord_tk5_1219,,1101,lwnprof_bustup_1101,lwnprof_mini_1101
lord_tk5_1221,,1102,lwnprof_bustup_1102,lwnprof_mini_1102
lord_tk5_1240,,1103,lwnprof_bustup_1103,lwnprof_mini_1103
template_choumin_male_01,,1104,lwnprof_bustup_1104,lwnprof_mini_1104
template_hime_hime_01,,1105,lwnprof_bustup_1105,lwnprof_mini_1105
lord_tk5_1106,,1106,lwnprof_bustup_1106,lwnprof_mini_1106
template_monban_01,,1107,lwnprof_bustup_1107,lwnprof_mini_1107
template_komeya_tenpo_01,,1108,lwnprof_bustup_1108,lwnprof_mini_1108
template_umaya_tenpo_01,,1109,lwnprof_bustup_1109,lwnprof_mini_1109
template_sakaba_onna_01,,1110,lwnprof_bustup_1110,lwnprof_mini_1110
template_ryotei_onna_01,,1111,lwnprof_bustup_1111,lwnprof_mini_1111
template_noumin_female_01,,1112,lwnprof_bustup_1112,lwnprof_mini_1112
lord_tk5_1216,,1113,lwnprof_bustup_1113,lwnprof_mini_1113
template_choumin_male_01,,1114,lwnprof_bustup_1114,lwnprof_mini_1114
lord_tk5_1214,,1115,lwnprof_bustup_1115,lwnprof_mini_1115
template_merchant_01,,1116,lwnprof_bustup_1116,lwnprof_mini_1116
template_souryo_01,,1117,lwnprof_bustup_1117,lwnprof_mini_1117
template_swordshihan_01,,1118,lwnprof_bustup_1118,lwnprof_mini_1118
template_kuge_01,,1119,lwnprof_bustup_1119,lwnprof_mini_1119
template_ninja_male_01,,1120,lwnprof_bustup_1120,lwnprof_mini_1120
template_shougun_01,,1121,lwnprof_bustup_1121,lwnprof_mini_1121
template_tabibito_01,,1122,lwnprof_bustup_1122,lwnprof_mini_1122
template_yoi_otoko_01,,1123,lwnprof_bustup_1123,lwnprof_mini_1123
template_yoi_onna_01,,1124,lwnprof_bustup_1124,lwnprof_mini_1124
lord_tk5_1215,,1125,lwnprof_bustup_1125,lwnprof_mini_1125
template_kunoichi_01,,1126,lwnprof_bustup_1126,lwnprof_mini_1126
template_kodomo_01,,1127,lwnprof_bustup_1127,lwnprof_mini_1127
template_koshou_01,,1128,lwnprof_bustup_1128,lwnprof_mini_1128
template_hogo_01,,1129,lwnprof_bustup_1129,lwnprof_mini_1129
template_yotto_01,,1130,lwnprof_bustup_1130,lwnprof_mini_1130
template_za_shihai_01,,1131,lwnprof_bustup_1131,lwnprof_mini_1131
template_merchant_choseon_01,,1132,lwnprof_bustup_1132,lwnprof_mini_1132
template_merchant_ming_01,,1133,lwnprof_bustup_1133,lwnprof_mini_1133
template_merchant_ryukyu_01,,1134,lwnprof_bustup_1134,lwnprof_mini_1134
template_merchant_01,,1135,lwnprof_bustup_1135,lwnprof_mini_1135
template_tenpo_01,,1136,lwnprof_bustup_1136,lwnprof_mini_1136
template_kajishi_01,,1137,lwnprof_bustup_1137,lwnprof_mini_1137
template_ishi_01,,1138,lwnprof_bustup_1138,lwnprof_mini_1138
template_shihandai_01,,1139,lwnprof_bustup_1139,lwnprof_mini_1139
template_kaizoku_01,,1140,lwnprof_bustup_1140,lwnprof_mini_1140
template_yari_shihan_01,,1141,lwnprof_bustup_1141,lwnprof_mini_1141
template_kodomo_f_01,,1142,lwnprof_bustup_1142,lwnprof_mini_1142
template_detchi_01,,1143,lwnprof_bustup_1143,lwnprof_mini_1143
template_shihandai_01,,1144,lwnprof_bustup_1144,lwnprof_mini_1144
template_yari_shihan_01,,1145,lwnprof_bustup_1145,lwnprof_mini_1145
lord_tk5_1161,,1146,lwnprof_bustup_1146,lwnprof_mini_1146
template_kashira_01,,1147,lwnprof_bustup_1147,lwnprof_mini_1147
template_kaizoku_tou_01,,1148,lwnprof_bustup_1148,lwnprof_mini_1148
template_shougun_01,,1149,lwnprof_bustup_1149,lwnprof_mini_1149
template_ninja_male_01,,1150,lwnprof_bustup_1150,lwnprof_mini_1150
template_kaizoku_01,,1151,lwnprof_bustup_1151,lwnprof_mini_1151
lord_tk5_14,朝,1152,lwnprof_bustup_1152,lwnprof_mini_1152
lord_tk5_75,关原,1153,lwnprof_bustup_1153,lwnprof_mini_1153
lord_tk5_195,若君,1154,lwnprof_bustup_1154,lwnprof_mini_1154
lord_tk5_230,藩,1155,lwnprof_bustup_1155,lwnprof_mini_1155
lord_tk5_240,朝,1156,lwnprof_bustup_1156,lwnprof_mini_1156
lord_tk5_279,将,1157,lwnprof_bustup_1157,lwnprof_mini_1157
lord_tk5_292,隐,1158,lwnprof_bustup_1158,lwnprof_mini_1158
lord_tk5_312,奉行,1159,lwnprof_bustup_1159,lwnprof_mini_1159
lord_tk5_314,常,1160,lwnprof_bustup_1160,lwnprof_mini_1160
lord_tk5_359,老,1161,lwnprof_bustup_1161,lwnprof_mini_1161
lord_tk5_361,朝,1162,lwnprof_bustup_1162,lwnprof_mini_1162
lord_tk5_379,越前,1163,lwnprof_bustup_1163,lwnprof_mini_1163
lord_tk5_386,清兴,1164,lwnprof_bustup_1164,lwnprof_mini_1164
lord_tk5_394,督,1165,lwnprof_bustup_1165,lwnprof_mini_1165
lord_tk5_395,鬼,1166,lwnprof_bustup_1166,lwnprof_mini_1166
lord_tk5_455,卿,1167,lwnprof_bustup_1167,lwnprof_mini_1167
lord_tk5_466,阵,1168,lwnprof_bustup_1168,lwnprof_mini_1168
lord_tk5_499,武,1169,lwnprof_bustup_1169,lwnprof_mini_1169
lord_tk5_516,文,1170,lwnprof_bustup_1170,lwnprof_mini_1170
lord_tk5_516,城,1171,lwnprof_bustup_1171,lwnprof_mini_1171
lord_tk5_517,藤吉郎,1172,lwnprof_bustup_1172,lwnprof_mini_1172
lord_tk5_517,秀吉,1173,lwnprof_bustup_1173,lwnprof_mini_1173
lord_tk5_517,太阁,1174,lwnprof_bustup_1174,lwnprof_mini_1174
lord_tk5_526,书,1175,lwnprof_bustup_1175,lwnprof_mini_1175
lord_tk5_549,绅,1176,lwnprof_bustup_1176,lwnprof_mini_1176
lord_tk5_587,忍,1177,lwnprof_bustup_1177,lwnprof_mini_1177
lord_tk5_615,素,1178,lwnprof_bustup_1178,lwnprof_mini_1178
lord_tk5_652,斗,1179,lwnprof_bustup_1179,lwnprof_mini_1179
lord_tk5_657,若,1180,lwnprof_bustup_1180,lwnprof_mini_1180
lord_tk5_659,藩,1181,lwnprof_bustup_1181,lwnprof_mini_1181
lord_tk5_700,名,1182,lwnprof_bustup_1182,lwnprof_mini_1182
lord_tk5_714,海,1183,lwnprof_bustup_1183,lwnprof_mini_1183
lord_tk5_723,大,1184,lwnprof_bustup_1184,lwnprof_mini_1184
lord_tk5_756,战,1185,lwnprof_bustup_1185,lwnprof_mini_1185
lord_tk5_1179,政,1186,lwnprof_bustup_1186,lwnprof_mini_1186
lord_tk5_1180,贵,1187,lwnprof_bustup_1187,lwnprof_mini_1187
lord_tk5_860,,1188,lwnprof_bustup_1188,lwnprof_mini_1188
lord_tk5_861,,1189,lwnprof_bustup_1189,lwnprof_mini_1189
lord_tk5_862,,1190,lwnprof_bustup_1190,lwnprof_mini_1190
lord_tk5_863,,1191,lwnprof_bustup_1191,lwnprof_mini_1191
lord_tk5_864,,1192,lwnprof_bustup_1192,lwnprof_mini_1192
lord_tk5_865,,1193,lwnprof_bustup_1193,lwnprof_mini_1193
lord_tk5_866,,1194,lwnprof_bustup_1194,lwnprof_mini_1194
lord_tk5_867,,1195,lwnprof_bustup_1195,lwnprof_mini_1195
lord_tk5_868,,1196,lwnprof_bustup_1196,lwnprof_mini_1196
lord_tk5_869,,1197,lwnprof_bustup_1197,lwnprof_mini_1197
lord_tk5_870,,1198,lwnprof_bustup_1198,lwnprof_mini_1198
lord_tk5_871,,1199,lwnprof_bustup_1199,lwnprof_mini_1199
lord_tk5_872,,1200,lwnprof_bustup_1200,lwnprof_mini_1200
lord_tk5_873,,1201,lwnprof_bustup_1201,lwnprof_mini_1201
lord_tk5_874,,1202,lwnprof_bustup_1202,lwnprof_mini_1202
lord_tk5_875,,1203,lwnprof_bustup_1203,lwnprof_mini_1203
lord_tk5_876,,1204,lwnprof_bustup_1204,lwnprof_mini_1204
lord_tk5_877,,1205,lwnprof_bustup_1205,lwnprof_mini_1205
lord_tk5_878,,1206,lwnprof_bustup_1206,lwnprof_mini_1206
lord_tk5_879,,1207,lwnprof_bustup_1207,lwnprof_mini_1207
lord_tk5_880,,1208,lwnprof_bustup_1208,lwnprof_mini_1208
lord_tk5_881,,1209,lwnprof_bustup_1209,lwnprof_mini_1209
lord_tk5_882,,1210,lwnprof_bustup_1210,lwnprof_mini_1210
lord_tk5_883,,1211,lwnprof_bustup_1211,lwnprof_mini_1211
lord_tk5_884,,1212,lwnprof_bustup_1212,lwnprof_mini_1212
lord_tk5_885,,1213,lwnprof_bustup_1213,lwnprof_mini_1213
lord_tk5_886,,1214,lwnprof_bustup_1214,lwnprof_mini_1214
lord_tk5_887,,1215,lwnprof_bustup_1215,lwnprof_mini_1215
lord_tk5_888,,1216,lwnprof_bustup_1216,lwnprof_mini_1216
lord_tk5_889,,1217,lwnprof_bustup_1217,lwnprof_mini_1217
lord_tk5_890,,1218,lwnprof_bustup_1218,lwnprof_mini_1218
lord_tk5_891,,1219,lwnprof_bustup_1219,lwnprof_mini_1219
lord_tk5_892,,1220,lwnprof_bustup_1220,lwnprof_mini_1220
lord_tk5_893,,1221,lwnprof_bustup_1221,lwnprof_mini_1221
lord_tk5_894,,1222,lwnprof_bustup_1222,lwnprof_mini_1222
lord_tk5_895,,1223,lwnprof_bustup_1223,lwnprof_mini_1223
lord_tk5_896,,1224,lwnprof_bustup_1224,lwnprof_mini_1224
lord_tk5_897,,1225,lwnprof_bustup_1225,lwnprof_mini_1225
lord_tk5_898,,1226,lwnprof_bustup_1226,lwnprof_mini_1226
lord_tk5_899,,1227,lwnprof_bustup_1227,lwnprof_mini_1227
lord_tk5_900,,1228,lwnprof_bustup_1228,lwnprof_mini_1228
lord_tk5_901,,1229,lwnprof_bustup_1229,lwnprof_mini_1229
lord_tk5_902,,1230,lwnprof_bustup_1230,lwnprof_mini_1230
lord_tk5_903,,1231,lwnprof_bustup_1231,lwnprof_mini_1231
lord_tk5_904,,1232,lwnprof_bustup_1232,lwnprof_mini_1232
lord_tk5_905,,1233,lwnprof_bustup_1233,lwnprof_mini_1233
lord_tk5_906,直,1234,lwnprof_bustup_1234,lwnprof_mini_1234
lord_tk5_907,,1235,lwnprof_bustup_1235,lwnprof_mini_1235
lord_tk5_908,,1236,lwnprof_bustup_1236,lwnprof_mini_1236
lord_tk5_909,,1237,lwnprof_bustup_1237,lwnprof_mini_1237
lord_tk5_910,,1238,lwnprof_bustup_1238,lwnprof_mini_1238
lord_tk5_911,,1239,lwnprof_bustup_1239,lwnprof_mini_1239
lord_tk5_912,,1240,lwnprof_bustup_1240,lwnprof_mini_1240
lord_tk5_913,,1241,lwnprof_bustup_1241,lwnprof_mini_1241
lord_tk5_914,,1242,lwnprof_bustup_1242,lwnprof_mini_1242
lord_tk5_915,,1243,lwnprof_bustup_1243,lwnprof_mini_1243
lord_tk5_916,,1244,lwnprof_bustup_1244,lwnprof_mini_1244
lord_tk5_917,,1245,lwnprof_bustup_1245,lwnprof_mini_1245
lord_tk5_918,,1246,lwnprof_bustup_1246,lwnprof_mini_1246
lord_tk5_919,,1247,lwnprof_bustup_1247,lwnprof_mini_1247
lord_tk5_920,,1248,lwnprof_bustup_1248,lwnprof_mini_1248
lord_tk5_921,,1249,lwnprof_bustup_1249,lwnprof_mini_1249
lord_tk5_922,,1250,lwnprof_bustup_1250,lwnprof_mini_1250
lord_tk5_923,,1251,lwnprof_bustup_1251,lwnprof_mini_1251
lord_tk5_924,,1252,lwnprof_bustup_1252,lwnprof_mini_1252
lord_tk5_925,,1253,lwnprof_bustup_1253,lwnprof_mini_1253
lord_tk5_926,,1254,lwnprof_bustup_1254,lwnprof_mini_1254
lord_tk5_927,,1255,lwnprof_bustup_1255,lwnprof_mini_1255
lord_tk5_928,,1256,lwnprof_bustup_1256,lwnprof_mini_1256
lord_tk5_929,,1257,lwnprof_bustup_1257,lwnprof_mini_1257
lord_tk5_930,,1258,lwnprof_bustup_1258,lwnprof_mini_1258
lord_tk5_931,,1259,lwnprof_bustup_1259,lwnprof_mini_1259
lord_tk5_932,,1260,lwnprof_bustup_1260,lwnprof_mini_1260
lord_tk5_933,,1261,lwnprof_bustup_1261,lwnprof_mini_1261
lord_tk5_934,,1262,lwnprof_bustup_1262,lwnprof_mini_1262
lord_tk5_935,,1263,lwnprof_bustup_1263,lwnprof_mini_1263
lord_tk5_936,,1264,lwnprof_bustup_1264,lwnprof_mini_1264
lord_tk5_937,,1265,lwnprof_bustup_1265,lwnprof_mini_1265
lord_tk5_938,,1266,lwnprof_bustup_1266,lwnprof_mini_1266
lord_tk5_939,,1267,lwnprof_bustup_1267,lwnprof_mini_1267
lord_tk5_940,,1268,lwnprof_bustup_1268,lwnprof_mini_1268
lord_tk5_941,,1269,lwnprof_bustup_1269,lwnprof_mini_1269
lord_tk5_942,,1270,lwnprof_bustup_1270,lwnprof_mini_1270
lord_tk5_943,,1271,lwnprof_bustup_1271,lwnprof_mini_1271
lord_tk5_944,,1272,lwnprof_bustup_1272,lwnprof_mini_1272
lord_tk5_945,,1273,lwnprof_bustup_1273,lwnprof_mini_1273
lord_tk5_946,,1274,lwnprof_bustup_1274,lwnprof_mini_1274
lord_tk5_947,,1275,lwnprof_bustup_1275,lwnprof_mini_1275
lord_tk5_948,,1276,lwnprof_bustup_1276,lwnprof_mini_1276
lord_tk5_949,,1277,lwnprof_bustup_1277,lwnprof_mini_1277
lord_tk5_950,,1278,lwnprof_bustup_1278,lwnprof_mini_1278
lord_tk5_951,,1279,lwnprof_bustup_1279,lwnprof_mini_1279
lord_tk5_952,,1280,lwnprof_bustup_1280,lwnprof_mini_1280
lord_tk5_953,,1281,lwnprof_bustup_1281,lwnprof_mini_1281
lord_tk5_954,,1282,lwnprof_bustup_1282,lwnprof_mini_1282
lord_tk5_955,,1283,lwnprof_bustup_1283,lwnprof_mini_1283
lord_tk5_956,,1284,lwnprof_bustup_1284,lwnprof_mini_1284
lord_tk5_957,,1285,lwnprof_bustup_1285,lwnprof_mini_1285
lord_tk5_958,,1286,lwnprof_bustup_1286,lwnprof_mini_1286
lord_tk5_959,,1287,lwnprof_bustup_1287,lwnprof_mini_1287
lord_tk5_1160,,1288,lwnprof_bustup_1288,lwnprof_mini_1288
lord_tk5_1161,,1289,lwnprof_bustup_1289,lwnprof_mini_1289
lord_tk5_1290,,1290,lwnprof_bustup_1290,lwnprof_mini_1290
lord_tk5_1243,,1291,lwnprof_bustup_1291,lwnprof_mini_1291
